"Fecha Tiempo, GMT-05:00","Tipo K, °C (SEN S/N: 21654196, LBL: T 1p)","Tipo T, °C (SEN S/N: 21654196, LBL: T 1a)","Tipo K, °C (SEN S/N: 21654196, LBL: T 1 iv)","Tipo K, °C (SEN S/N: 21654196, LBL: T  1 ev)"
01/25/24 14:00:00,109.32,110.68,87.91,65.01
01/25/24 14:01:00,109.25,110.52,87.85,63.77
01/25/24 14:02:00,109.14,110.38,87.77,64.88
01/25/24 14:03:00,109.04,110.37,87.61,64.69
01/25/24 14:04:00,109.00,110.23,87.57,63.68
01/25/24 14:05:00,108.94,110.06,87.56,64.63
01/25/24 14:06:00,108.81,110.03,87.32,64.78
01/25/24 14:07:00,108.76,109.96,87.25,64.36
01/25/24 14:08:00,108.68,109.80,87.19,63.99
01/25/24 14:09:00,108.64,109.69,87.10,64.84
01/25/24 14:10:00,108.53,109.59,87.14,64.35
01/25/24 14:11:00,108.44,109.42,87.08,64.02
01/25/24 14:12:00,108.33,109.22,87.08,64.19
01/25/24 14:13:00,108.30,109.09,86.66,63.86
01/25/24 14:14:00,108.07,109.03,86.50,64.98
01/25/24 14:15:00,108.00,108.88,86.37,63.99
01/25/24 14:16:00,107.86,108.66,86.33,63.40
01/25/24 14:17:00,107.67,108.48,86.05,63.76
01/25/24 14:18:00,107.55,108.33,86.03,63.37
01/25/24 14:19:00,107.36,108.10,85.79,64.46
01/25/24 14:20:00,107.18,107.86,85.70,64.20
01/25/24 14:21:00,106.99,107.66,85.65,63.19
01/25/24 14:22:00,106.84,107.49,85.52,63.47
01/25/24 14:23:00,106.58,107.24,85.39,63.44
01/25/24 14:24:00,106.31,106.99,85.16,63.32
01/25/24 14:25:00,106.21,106.75,85.00,63.31
01/25/24 14:26:00,105.98,106.48,84.80,63.10
01/25/24 14:27:00,105.82,106.25,84.67,62.35
01/25/24 14:28:00,105.58,106.10,84.58,62.77
01/25/24 14:29:00,105.30,105.78,84.35,62.58
01/25/24 14:30:00,104.99,105.48,84.24,62.82
01/25/24 14:31:00,104.72,105.20,83.89,62.78
01/25/24 14:32:00,104.39,104.84,83.89,61.97
01/25/24 14:33:00,104.19,104.50,83.34,61.49
01/25/24 14:34:00,103.95,104.20,83.06,60.42
01/25/24 14:35:00,103.59,103.70,82.62,60.13
01/25/24 14:36:00,103.29,103.49,82.56,61.20
01/25/24 14:37:00,102.96,103.38,82.21,61.93
01/25/24 14:38:00,102.68,103.12,82.03,60.95
01/25/24 14:39:00,102.30,102.77,81.86,61.70
01/25/24 14:40:00,102.08,102.40,81.72,60.25
01/25/24 14:41:00,101.73,102.01,81.46,60.29
01/25/24 14:42:00,101.38,101.65,81.14,59.84
01/25/24 14:43:00,101.08,101.26,81.11,60.69
01/25/24 14:44:00,100.76,100.95,80.86,59.89
01/25/24 14:45:00,100.39,100.52,80.62,59.51
01/25/24 14:46:00,100.08,100.11,80.28,59.55
01/25/24 14:47:00,99.75,99.75,80.17,59.64
01/25/24 14:48:00,99.43,99.42,79.96,59.77
01/25/24 14:49:00,99.14,99.01,79.91,59.00
01/25/24 14:50:00,98.82,98.56,79.59,58.02
01/25/24 14:51:00,98.18,98.14,79.17,57.37
01/25/24 14:52:00,95.94,97.72,78.79,57.09
01/25/24 14:53:00,93.40,97.48,78.37,57.17
01/25/24 14:54:00,91.49,96.96,76.78,55.95
01/25/24 14:55:00,89.95,96.51,76.54,56.89
01/25/24 14:56:00,89.98,96.16,76.47,57.18
01/25/24 14:57:00,90.95,95.76,77.18,56.72
01/25/24 14:58:00,90.64,95.09,76.44,55.98
01/25/24 14:59:00,90.67,92.00,71.32,54.92
01/25/24 15:00:00,89.27,88.95,73.00,55.69
01/25/24 15:01:00,89.07,88.83,73.11,56.00
01/25/24 15:02:00,89.03,89.11,73.20,56.60
01/25/24 15:03:00,89.02,89.23,73.08,56.16
01/25/24 15:04:00,89.02,89.22,73.06,56.66
01/25/24 15:05:00,89.04,89.15,72.96,56.30
01/25/24 15:06:00,89.02,88.96,72.96,55.71
01/25/24 15:07:00,89.02,88.68,72.84,56.17
01/25/24 15:08:00,88.90,88.47,72.81,55.43
01/25/24 15:09:00,88.69,88.23,72.64,55.23
01/25/24 15:10:00,88.50,87.94,72.46,54.96
01/25/24 15:11:00,88.42,87.55,72.44,55.54
01/25/24 15:12:00,88.20,87.29,72.31,55.08
01/25/24 15:13:00,88.00,86.99,72.18,55.67
01/25/24 15:14:00,87.68,86.71,72.04,55.49
01/25/24 15:15:00,86.38,86.32,71.76,55.46
01/25/24 15:16:00,86.41,86.10,72.13,54.43
01/25/24 15:17:00,86.27,85.72,71.85,54.87
01/25/24 15:18:00,86.08,85.38,71.67,54.31
01/25/24 15:19:00,85.86,85.06,71.46,54.45
01/25/24 15:20:00,85.59,84.62,71.32,54.37
01/25/24 15:21:00,85.43,84.21,71.05,53.68
01/25/24 15:22:00,85.01,83.77,70.83,53.59
01/25/24 15:23:00,84.79,83.37,70.38,53.10
01/25/24 15:24:00,84.41,83.02,70.22,52.74
01/25/24 15:25:00,84.07,82.61,69.89,52.69
01/25/24 15:26:00,83.75,82.23,69.43,51.96
01/25/24 15:27:00,83.34,81.77,69.14,51.79
01/25/24 15:28:00,82.97,81.30,68.82,51.77
01/25/24 15:29:00,82.59,80.88,68.32,51.09
01/25/24 15:30:00,82.25,80.52,67.87,51.89
01/25/24 15:31:00,81.81,80.10,67.47,51.14
01/25/24 15:32:00,81.40,79.73,67.05,51.36
01/25/24 15:33:00,80.37,79.22,66.30,50.38
01/25/24 15:34:00,80.15,78.74,66.03,49.90
01/25/24 15:35:00,79.79,78.29,65.67,49.32
01/25/24 15:36:00,79.51,77.85,65.26,49.80
01/25/24 15:37:00,79.30,77.38,64.87,49.63
01/25/24 15:38:00,78.89,76.87,64.30,49.00
01/25/24 15:39:00,78.46,76.39,63.85,49.06
01/25/24 15:40:00,78.07,75.97,63.14,49.12
01/25/24 15:41:00,77.63,75.59,62.68,48.92
01/25/24 15:42:00,77.11,75.24,62.31,48.46
01/25/24 15:43:00,76.70,74.84,61.89,48.27
01/25/24 15:44:00,76.39,74.40,61.48,48.89
01/25/24 15:45:00,76.08,74.01,61.17,48.60
01/25/24 15:46:00,75.64,73.55,60.85,48.19
01/25/24 15:47:00,75.23,73.04,60.40,47.96
01/25/24 15:48:00,74.84,72.66,59.99,47.69
01/25/24 15:49:00,74.54,72.29,59.50,46.56
01/25/24 15:50:00,73.99,71.83,59.11,46.00
01/25/24 15:51:00,73.54,71.42,58.69,45.88
01/25/24 15:52:00,73.14,71.01,58.24,45.73
01/25/24 15:53:00,72.71,70.57,57.81,45.48
01/25/24 15:54:00,72.36,70.15,57.33,45.30
01/25/24 15:55:00,71.99,69.86,56.94,45.35
01/25/24 15:56:00,71.58,69.46,56.65,45.24
01/25/24 15:57:00,71.25,69.04,56.24,44.87
01/25/24 15:58:00,70.79,68.77,55.83,44.42
01/25/24 15:59:00,70.40,68.28,55.57,44.51
01/25/24 16:00:00,70.03,67.84,55.20,43.81
01/25/24 16:01:00,69.73,67.36,54.79,42.97
01/25/24 16:02:00,69.37,66.96,54.50,42.60
01/25/24 16:03:00,68.93,66.53,53.96,42.04
01/25/24 16:04:00,68.60,66.12,53.68,42.28
01/25/24 16:05:00,68.18,65.74,53.17,41.83
01/25/24 16:06:00,67.84,65.40,52.82,41.58
01/25/24 16:07:00,67.43,65.01,52.43,41.69
01/25/24 16:08:00,67.06,64.62,52.05,41.73
01/25/24 16:09:00,66.72,64.33,51.82,41.70
01/25/24 16:10:00,66.38,63.94,51.45,41.13
01/25/24 16:11:00,66.01,63.57,51.24,40.83
01/25/24 16:12:00,65.57,63.23,50.85,41.20
01/25/24 16:13:00,65.20,62.85,50.53,41.09
01/25/24 16:14:00,64.83,62.53,50.27,40.92
01/25/24 16:15:00,64.48,62.17,49.98,40.59
01/25/24 16:16:00,64.18,61.80,49.75,39.89
01/25/24 16:17:00,63.80,61.35,49.40,39.83
01/25/24 16:18:00,63.48,61.01,49.14,39.48
01/25/24 16:19:00,63.16,60.66,48.79,39.37
01/25/24 16:20:00,62.78,60.33,48.49,39.60
01/25/24 16:21:00,62.48,59.99,48.15,39.67
01/25/24 16:22:00,62.09,59.59,47.69,39.80
01/25/24 16:23:00,61.76,59.24,47.17,39.39
01/25/24 16:24:00,61.43,59.01,46.82,38.83
01/25/24 16:25:00,60.98,58.58,46.30,38.22
01/25/24 16:26:00,60.69,58.24,45.88,37.67
01/25/24 16:27:00,60.28,57.81,45.44,37.14
01/25/24 16:28:00,59.87,57.43,45.01,36.89
01/25/24 16:29:00,59.51,57.13,44.60,36.25
01/25/24 16:30:00,59.14,56.77,44.21,36.31
01/25/24 16:31:00,58.93,56.46,43.87,36.30
01/25/24 16:32:00,58.51,56.17,43.60,35.66
01/25/24 16:33:00,58.18,55.81,43.28,35.51
01/25/24 16:34:00,57.83,55.52,42.95,35.28
01/25/24 16:35:00,57.51,55.22,42.59,35.35
01/25/24 16:36:00,57.15,54.97,42.39,35.26
01/25/24 16:37:00,56.90,54.67,42.06,34.77
01/25/24 16:38:00,56.54,54.37,41.84,34.67
01/25/24 16:39:00,56.27,54.18,41.65,34.57
01/25/24 16:40:00,55.93,53.82,41.40,34.26
01/25/24 16:41:00,55.67,53.57,41.16,34.26
01/25/24 16:42:00,55.47,53.36,41.03,34.39
01/25/24 16:43:00,55.23,53.04,40.75,34.12
01/25/24 16:44:00,55.03,52.72,40.66,33.87
01/25/24 16:45:00,54.70,52.55,40.38,33.62
01/25/24 16:46:00,54.41,52.26,40.25,33.38
01/25/24 16:47:00,54.10,52.01,40.00,33.48
01/25/24 16:48:00,53.79,51.75,39.75,33.20
01/25/24 16:49:00,53.51,51.45,39.54,33.08
01/25/24 16:50:00,53.21,51.19,39.38,32.80
01/25/24 16:51:00,52.93,50.87,39.13,32.53
01/25/24 16:52:00,52.63,50.67,38.93,32.64
01/25/24 16:53:00,52.36,50.36,38.75,32.45
01/25/24 16:54:00,52.11,50.15,38.58,32.67
01/25/24 16:55:00,51.86,49.95,38.40,32.59
01/25/24 16:56:00,51.65,49.76,38.29,32.10
01/25/24 16:57:00,51.43,49.51,38.16,31.91
01/25/24 16:58:00,51.21,49.32,37.96,31.80
01/25/24 16:59:00,50.98,49.15,37.67,31.69
01/25/24 17:00:00,50.79,48.89,37.50,31.58
01/25/24 17:01:00,50.50,48.63,37.25,31.19
01/25/24 17:02:00,50.23,48.31,37.13,31.13
01/25/24 17:03:00,49.94,48.00,37.03,31.01
01/25/24 17:04:00,49.73,47.77,36.77,31.12
01/25/24 17:05:00,49.46,47.58,36.61,30.99
01/25/24 17:06:00,49.17,47.42,36.47,30.78
01/25/24 17:07:00,48.95,47.19,36.31,30.68
01/25/24 17:08:00,48.80,46.99,36.22,30.75
01/25/24 17:09:00,48.58,46.78,36.16,30.85
01/25/24 17:10:00,48.37,46.61,35.93,30.35
01/25/24 17:11:00,48.13,46.36,35.78,30.30
01/25/24 17:12:00,47.91,46.16,35.63,30.20
01/25/24 17:13:00,47.72,45.98,35.57,30.04
01/25/24 17:14:00,47.50,45.88,35.39,30.25
01/25/24 17:15:00,47.26,45.60,35.33,30.18
01/25/24 17:16:00,47.07,45.45,35.14,30.16
01/25/24 17:17:00,46.86,45.29,35.13,29.83
01/25/24 17:18:00,46.69,45.06,34.91,29.83
01/25/24 17:19:00,46.51,44.95,34.84,29.52
01/25/24 17:20:00,46.32,44.74,34.63,29.42
01/25/24 17:21:00,46.10,44.48,34.52,29.19
01/25/24 17:22:00,45.90,44.27,34.37,29.32
01/25/24 17:23:00,45.70,44.10,34.24,29.18
01/25/24 17:24:00,45.52,43.95,34.09,29.26
01/25/24 17:25:00,45.30,43.77,33.90,29.22
01/25/24 17:26:00,45.12,43.59,33.83,29.10
01/25/24 17:27:00,44.91,43.42,33.73,28.96
01/25/24 17:28:00,44.76,43.25,33.61,28.90
01/25/24 17:29:00,44.52,43.07,33.47,28.90
01/25/24 17:30:00,44.35,42.87,33.34,28.86
01/25/24 17:31:00,44.15,42.66,33.26,28.70
01/25/24 17:32:00,43.97,42.51,33.15,28.54
01/25/24 17:33:00,43.81,42.27,32.96,28.46
01/25/24 17:34:00,43.61,42.15,32.87,28.15
01/25/24 17:35:00,43.42,41.90,32.71,28.08
01/25/24 17:36:00,43.33,41.70,32.53,28.01
01/25/24 17:37:00,43.00,41.47,32.40,27.91
01/25/24 17:38:00,42.83,41.26,32.23,27.74
01/25/24 17:39:00,42.62,41.06,32.18,27.75
01/25/24 17:40:00,42.42,40.92,32.05,27.91
01/25/24 17:41:00,42.25,40.74,31.90,27.74
01/25/24 17:42:00,42.05,40.61,31.76,27.55
01/25/24 17:43:00,41.87,40.41,31.66,27.54
01/25/24 17:44:00,41.69,40.21,31.60,27.49
01/25/24 17:45:00,41.52,40.08,31.52,27.49
01/25/24 17:46:00,41.33,39.90,31.47,27.55
01/25/24 17:47:00,41.17,39.69,31.31,27.31
01/25/24 17:48:00,41.01,39.52,31.19,27.29
01/25/24 17:49:00,40.86,39.33,31.10,27.15
01/25/24 17:50:00,40.61,39.19,30.92,27.04
01/25/24 17:51:00,40.50,39.05,30.85,26.94
01/25/24 17:52:00,40.27,38.87,30.71,26.87
01/25/24 17:53:00,40.10,38.78,30.56,26.74
01/25/24 17:54:00,39.90,38.44,30.46,26.54
01/25/24 17:55:00,39.71,38.25,30.33,26.50
01/25/24 17:56:00,39.54,38.08,30.18,26.36
01/25/24 17:57:00,39.41,37.92,30.03,26.30
01/25/24 17:58:00,39.21,37.65,29.95,26.10
01/25/24 17:59:00,38.94,37.45,29.78,26.00
01/25/24 18:00:00,38.74,37.26,29.69,25.94
01/25/24 18:01:00,38.59,37.09,29.55,25.96
01/25/24 18:02:00,38.38,36.88,29.43,25.84
01/25/24 18:03:00,38.21,36.71,29.26,25.81
01/25/24 18:04:00,38.03,36.55,29.15,25.75
01/25/24 18:05:00,37.82,36.36,29.03,25.63
01/25/24 18:06:00,37.69,36.21,28.87,25.51
01/25/24 18:07:00,37.48,35.98,28.79,25.42
01/25/24 18:08:00,37.30,35.79,28.62,25.26
01/25/24 18:09:00,37.09,35.59,28.49,25.11
01/25/24 18:10:00,36.89,35.41,28.40,25.03
01/25/24 18:11:00,36.74,35.21,28.24,24.97
01/25/24 18:12:00,36.55,35.02,28.12,24.84
01/25/24 18:13:00,36.48,34.89,28.00,24.93
01/25/24 18:14:00,36.17,34.70,27.90,24.87
01/25/24 18:15:00,36.01,34.53,27.81,24.79
01/25/24 18:16:00,35.82,34.41,27.65,24.60
01/25/24 18:17:00,35.66,34.17,27.54,24.50
01/25/24 18:18:00,35.51,34.01,27.41,24.42
01/25/24 18:19:00,35.37,33.84,27.32,24.42
01/25/24 18:20:00,35.17,33.70,27.18,24.29
01/25/24 18:21:00,34.99,33.62,27.04,24.20
01/25/24 18:22:00,34.80,33.36,26.99,24.10
01/25/24 18:23:00,34.63,33.20,26.92,24.09
01/25/24 18:24:00,34.49,33.03,26.70,23.93
01/25/24 18:25:00,34.35,32.88,26.65,23.84
01/25/24 18:26:00,34.20,32.74,26.55,23.82
01/25/24 18:27:00,33.99,32.62,26.44,23.69
01/25/24 18:28:00,33.82,32.47,26.34,23.72
01/25/24 18:29:00,33.71,32.31,26.24,23.58
01/25/24 18:30:00,33.58,32.16,26.11,23.53
01/25/24 18:31:00,33.39,31.98,26.05,23.45
01/25/24 18:32:00,33.27,31.90,25.91,23.42
01/25/24 18:33:00,33.09,31.79,25.86,23.36
01/25/24 18:34:00,32.97,31.59,25.73,23.25
01/25/24 18:35:00,32.80,31.44,25.74,23.18
01/25/24 18:36:00,32.69,31.31,25.66,23.21
01/25/24 18:37:00,32.51,31.25,25.46,23.12
01/25/24 18:38:00,32.43,31.07,25.45,23.13
01/25/24 18:39:00,32.25,30.93,25.39,23.01
01/25/24 18:40:00,32.15,30.81,25.24,22.94
01/25/24 18:41:00,31.97,30.75,25.16,22.93
01/25/24 18:42:00,31.87,30.61,25.08,22.83
01/25/24 18:43:00,31.69,30.46,24.97,22.77
01/25/24 18:44:00,31.55,30.36,24.91,22.71
01/25/24 18:45:00,31.44,30.23,24.85,22.71
01/25/24 18:46:00,31.35,30.08,24.83,22.67
01/25/24 18:47:00,31.20,30.01,24.69,22.56
01/25/24 18:48:00,31.07,29.93,24.61,22.50
01/25/24 18:49:00,30.95,29.85,24.54,22.47
01/25/24 18:50:00,30.83,29.66,24.50,22.45
01/25/24 18:51:00,30.80,29.59,24.43,22.37
01/25/24 18:52:00,30.60,29.44,24.35,22.35
01/25/24 18:53:00,30.48,29.37,24.28,22.29
01/25/24 18:54:00,30.42,29.31,24.21,22.22
01/25/24 18:55:00,30.28,29.16,24.15,22.22
01/25/24 18:56:00,30.18,29.04,24.08,22.23
01/25/24 18:57:00,30.07,28.95,24.03,22.11
01/25/24 18:58:00,29.93,28.87,23.93,22.07
01/25/24 18:59:00,29.84,28.79,23.93,22.03
01/25/24 19:00:00,29.74,28.68,23.82,21.94
01/25/24 19:01:00,29.68,28.59,23.80,21.85
01/25/24 19:02:00,29.61,28.50,23.72,21.89
01/25/24 19:03:00,29.45,28.39,23.63,21.76
01/25/24 19:04:00,29.36,28.27,23.56,21.73
01/25/24 19:05:00,29.25,28.22,23.59,21.76
01/25/24 19:06:00,29.17,28.16,23.45,21.69
01/25/24 19:07:00,29.03,28.03,23.39,21.64
01/25/24 19:08:00,28.96,27.97,23.38,21.61
01/25/24 19:09:00,28.88,27.87,23.28,21.58
01/25/24 19:10:00,28.86,27.79,23.21,21.50
01/25/24 19:11:00,28.68,27.70,23.17,21.43
01/25/24 19:12:00,28.56,27.62,23.12,21.41
01/25/24 19:13:00,28.51,27.53,23.07,21.40
01/25/24 19:14:00,28.43,27.47,23.00,21.39
01/25/24 19:15:00,28.33,27.36,22.97,21.32
01/25/24 19:16:00,28.23,27.28,22.85,21.29
01/25/24 19:17:00,28.11,27.29,22.86,21.22
01/25/24 19:18:00,28.05,27.12,22.83,21.20
01/25/24 19:19:00,27.99,27.03,22.77,21.13
01/25/24 19:20:00,27.89,27.02,22.69,21.12
01/25/24 19:21:00,27.77,26.96,22.67,21.11
01/25/24 19:22:00,27.74,26.82,22.59,21.05
01/25/24 19:23:00,27.64,26.76,22.52,21.03
01/25/24 19:24:00,27.53,26.69,22.47,21.00
01/25/24 19:25:00,27.47,26.61,22.43,20.96
01/25/24 19:26:00,27.38,26.52,22.40,20.94
01/25/24 19:27:00,27.29,26.46,22.40,20.92
01/25/24 19:28:00,27.24,26.37,22.32,20.94
01/25/24 19:29:00,27.14,26.33,22.26,20.82
01/25/24 19:30:00,27.07,26.26,22.21,20.80
01/25/24 19:31:00,26.96,26.19,22.18,20.81
01/25/24 19:32:00,26.89,26.11,22.15,20.76
01/25/24 19:33:00,26.83,26.04,22.09,20.74
01/25/24 19:34:00,26.77,25.99,22.08,20.72
01/25/24 19:35:00,26.72,25.90,22.05,20.73
01/25/24 19:36:00,26.66,25.85,21.98,20.67
01/25/24 19:37:00,26.63,25.79,21.92,20.64
01/25/24 19:38:00,26.51,25.72,21.90,20.67
01/25/24 19:39:00,26.41,25.65,21.86,20.60
01/25/24 19:40:00,26.34,25.60,21.84,20.56
01/25/24 19:41:00,26.26,25.53,21.80,20.49
01/25/24 19:42:00,26.24,25.46,21.78,20.50
01/25/24 19:43:00,26.18,25.42,21.72,20.44
01/25/24 19:44:00,26.10,25.33,21.68,20.44
01/25/24 19:45:00,26.01,25.30,21.64,20.38
01/25/24 19:46:00,25.92,25.24,21.59,20.36
01/25/24 19:47:00,25.95,25.17,21.55,20.31
01/25/24 19:48:00,25.84,25.11,21.51,20.31
01/25/24 19:49:00,25.75,25.07,21.50,20.29
01/25/24 19:50:00,25.70,25.01,21.47,20.27
01/25/24 19:51:00,25.63,24.93,21.41,20.19
01/25/24 19:52:00,25.59,24.88,21.35,20.20
01/25/24 19:53:00,25.54,24.83,21.36,20.14
01/25/24 19:54:00,25.47,24.79,21.34,20.11
01/25/24 19:55:00,25.42,24.73,21.25,20.09
01/25/24 19:56:00,25.33,24.65,21.22,20.10
01/25/24 19:57:00,25.25,24.61,21.22,20.03
01/25/24 19:58:00,25.21,24.55,21.19,20.06
01/25/24 19:59:00,25.17,24.57,21.14,19.98
01/25/24 20:00:00,25.11,24.45,21.12,20.02
01/25/24 20:01:00,25.13,24.37,21.11,19.90
01/25/24 20:02:00,24.99,24.33,21.10,19.95
01/25/24 20:03:00,24.93,24.31,20.99,19.93
01/25/24 20:04:00,24.89,24.31,21.07,19.95
01/25/24 20:05:00,24.83,24.21,20.95,19.86
01/25/24 20:06:00,24.80,24.18,20.96,19.87
01/25/24 20:07:00,24.72,24.09,20.87,19.88
01/25/24 20:08:00,24.75,24.03,20.88,19.85
01/25/24 20:09:00,24.60,23.99,20.82,19.86
01/25/24 20:10:00,24.56,23.97,20.80,19.83
01/25/24 20:11:00,24.51,23.90,20.80,19.82
01/25/24 20:12:00,24.49,23.84,20.81,19.80
01/25/24 20:13:00,24.40,23.84,20.74,19.79
01/25/24 20:14:00,24.35,23.76,20.78,19.79
01/25/24 20:15:00,24.28,23.76,20.67,19.77
01/25/24 20:16:00,24.26,23.70,20.64,19.70
01/25/24 20:17:00,24.19,23.68,20.66,19.71
01/25/24 20:18:00,24.18,23.59,20.64,19.70
01/25/24 20:19:00,24.15,23.57,20.60,19.67
01/25/24 20:20:00,24.10,23.53,20.54,19.64
01/25/24 20:21:00,24.03,23.49,20.58,19.65
01/25/24 20:22:00,23.98,23.43,20.52,19.59
01/25/24 20:23:00,23.96,23.43,20.48,19.63
01/25/24 20:24:00,23.91,23.39,20.46,19.56
01/25/24 20:25:00,23.89,23.31,20.41,19.54
01/25/24 20:26:00,23.81,23.36,20.41,19.57
01/25/24 20:27:00,23.75,23.25,20.40,19.51
01/25/24 20:28:00,23.72,23.20,20.35,19.51
01/25/24 20:29:00,23.75,23.22,20.35,19.48
01/25/24 20:30:00,23.62,23.15,20.31,19.49
01/25/24 20:31:00,23.62,23.09,20.32,19.41
01/25/24 20:32:00,23.52,23.06,20.27,19.43
01/25/24 20:33:00,23.50,23.03,20.26,19.36
01/25/24 20:34:00,23.44,23.00,20.30,19.40
01/25/24 20:35:00,23.41,23.03,20.22,19.35
01/25/24 20:36:00,23.38,22.91,20.17,19.35
01/25/24 20:37:00,23.32,22.88,20.15,19.28
01/25/24 20:38:00,23.33,22.85,20.13,19.31
01/25/24 20:39:00,23.27,22.82,20.12,19.27
01/25/24 20:40:00,23.23,22.77,20.05,19.24
01/25/24 20:41:00,23.18,22.75,20.04,19.22
01/25/24 20:42:00,23.15,22.68,20.07,19.20
01/25/24 20:43:00,23.10,22.63,20.05,19.24
01/25/24 20:44:00,23.06,22.64,20.00,19.17
01/25/24 20:45:00,23.02,22.59,19.94,19.21
01/25/24 20:46:00,22.98,22.53,19.93,19.13
01/25/24 20:47:00,22.95,22.50,19.91,19.11
01/25/24 20:48:00,22.89,22.50,19.86,19.04
01/25/24 20:49:00,22.90,22.43,19.81,19.02
01/25/24 20:50:00,22.84,22.44,19.80,19.00
01/25/24 20:51:00,22.76,22.40,19.84,18.95
01/25/24 20:52:00,22.75,22.35,19.75,18.93
01/25/24 20:53:00,22.73,22.31,19.74,18.95
01/25/24 20:54:00,22.72,22.27,19.68,18.89
01/25/24 20:55:00,22.68,22.25,19.67,18.88
01/25/24 20:56:00,22.62,22.19,19.68,18.88
01/25/24 20:57:00,22.55,22.24,19.63,18.84
01/25/24 20:58:00,22.52,22.14,19.60,18.89
01/25/24 20:59:00,22.49,22.09,19.59,18.93
01/25/24 21:00:00,22.47,22.08,19.60,18.85
01/25/24 21:01:00,22.45,22.04,19.55,18.82
01/25/24 21:02:00,22.46,22.00,19.53,18.82
01/25/24 21:03:00,22.37,21.96,19.52,18.81
01/25/24 21:04:00,22.36,21.94,19.45,18.84
01/25/24 21:05:00,22.36,21.93,19.46,18.84
01/25/24 21:06:00,22.27,21.87,19.53,18.88
01/25/24 21:07:00,22.23,21.85,19.41,18.78
01/25/24 21:08:00,22.18,21.82,19.43,18.76
01/25/24 21:09:00,22.16,21.81,19.40,18.69
01/25/24 21:10:00,22.18,21.78,19.43,18.68
01/25/24 21:11:00,22.11,21.73,19.40,18.75
01/25/24 21:12:00,22.08,21.74,19.35,18.72
01/25/24 21:13:00,22.04,21.70,19.33,18.72
01/25/24 21:14:00,22.03,21.68,19.34,18.70
01/25/24 21:15:00,21.96,21.65,19.30,18.65
01/25/24 21:16:00,22.03,21.61,19.30,18.63
01/25/24 21:17:00,21.93,21.58,19.32,18.63
01/25/24 21:18:00,21.89,21.55,19.23,18.59
01/25/24 21:19:00,21.86,21.56,19.24,18.57
01/25/24 21:20:00,21.83,21.59,19.23,18.58
01/25/24 21:21:00,21.82,21.53,19.18,18.62
01/25/24 21:22:00,21.76,21.44,19.20,18.59
01/25/24 21:23:00,21.75,21.48,19.17,18.61
01/25/24 21:24:00,21.70,21.40,19.14,18.60
01/25/24 21:25:00,21.74,21.39,19.17,18.58
01/25/24 21:26:00,21.69,21.33,19.15,18.58
01/25/24 21:27:00,21.66,21.35,19.11,18.54
01/25/24 21:28:00,21.72,21.28,19.14,18.61
01/25/24 21:29:00,21.63,21.28,19.08,18.67
01/25/24 21:30:00,21.60,21.25,19.08,18.58
01/25/24 21:31:00,21.55,21.23,19.08,18.58
01/25/24 21:32:00,21.54,21.28,19.11,18.54
01/25/24 21:33:00,21.50,21.19,19.06,18.52
01/25/24 21:34:00,21.47,21.14,19.06,18.50
01/25/24 21:35:00,21.42,21.15,19.06,18.49
01/25/24 21:36:00,21.40,21.14,19.00,18.55
01/25/24 21:37:00,21.39,21.10,19.05,18.51
01/25/24 21:38:00,21.35,21.08,19.02,18.52
01/25/24 21:39:00,21.43,21.14,19.00,18.48
01/25/24 21:40:00,21.32,21.05,18.99,18.49
01/25/24 21:41:00,21.34,21.00,18.98,18.51
01/25/24 21:42:00,21.28,20.99,18.98,18.48
01/25/24 21:43:00,21.26,21.00,18.96,18.46
01/25/24 21:44:00,21.24,20.99,18.96,18.49
01/25/24 21:45:00,21.22,20.96,18.91,18.46
01/25/24 21:46:00,21.19,20.94,18.97,18.51
01/25/24 21:47:00,21.26,20.94,18.90,18.49
01/25/24 21:48:00,21.25,20.90,18.90,18.51
01/25/24 21:49:00,21.16,20.94,18.90,18.52
01/25/24 21:50:00,21.13,20.87,18.90,18.52
01/25/24 21:51:00,21.12,20.86,18.95,18.47
01/25/24 21:52:00,21.09,20.85,18.95,18.51
01/25/24 21:53:00,21.08,20.82,18.88,18.50
01/25/24 21:54:00,21.04,20.82,18.89,18.51
01/25/24 21:55:00,21.08,20.75,18.87,18.48
01/25/24 21:56:00,21.04,20.80,18.84,18.44
01/25/24 21:57:00,20.99,20.75,18.84,18.41
01/25/24 21:58:00,20.96,20.71,18.88,18.41
01/25/24 21:59:00,20.94,20.73,18.82,18.37
01/25/24 22:00:00,20.90,20.71,18.84,18.36
01/25/24 22:01:00,20.95,20.68,18.81,18.40
01/25/24 22:02:00,20.91,20.69,18.81,18.36
01/25/24 22:03:00,20.88,20.68,18.79,18.38
01/25/24 22:04:00,20.87,20.67,18.80,18.43
01/25/24 22:05:00,20.88,20.65,18.86,18.37
01/25/24 22:06:00,20.85,20.61,18.79,18.42
01/25/24 22:07:00,20.90,20.59,18.78,18.42
01/25/24 22:08:00,20.82,20.61,18.75,18.39
01/25/24 22:09:00,20.77,20.58,18.78,18.52
01/25/24 22:10:00,20.79,20.56,18.78,18.46
01/25/24 22:11:00,20.76,20.55,18.80,18.53
01/25/24 22:12:00,20.75,20.54,18.81,18.48
01/25/24 22:13:00,20.73,20.51,18.88,18.50
01/25/24 22:14:00,20.71,20.52,18.76,18.53
01/25/24 22:15:00,20.70,20.48,18.81,18.48
01/25/24 22:16:00,20.74,20.51,18.79,18.45
01/25/24 22:17:00,20.68,20.51,18.79,18.47
01/25/24 22:18:00,20.66,20.52,18.79,18.46
01/25/24 22:19:00,20.67,20.43,18.81,18.46
01/25/24 22:20:00,20.70,20.45,18.78,18.46
01/25/24 22:21:00,20.63,20.46,18.76,18.44
01/25/24 22:22:00,20.64,20.44,18.77,18.37
01/25/24 22:23:00,20.62,20.43,18.76,18.41
01/25/24 22:24:00,20.61,20.44,18.78,18.41
01/25/24 22:25:00,20.63,20.44,18.77,18.40
01/25/24 22:26:00,20.56,20.41,18.81,18.37
01/25/24 22:27:00,20.60,20.43,18.74,18.38
01/25/24 22:28:00,20.62,20.39,18.71,18.32
01/25/24 22:29:00,20.57,20.38,18.70,18.29
01/25/24 22:30:00,20.60,20.37,18.71,18.31
01/25/24 22:31:00,20.55,20.36,18.69,18.32
01/25/24 22:32:00,20.50,20.35,18.65,18.26
01/25/24 22:33:00,20.48,20.32,18.63,18.22
01/25/24 22:34:00,20.50,20.33,18.60,18.24
01/25/24 22:35:00,20.48,20.29,18.63,18.26
01/25/24 22:36:00,20.48,20.31,18.60,18.33
01/25/24 22:37:00,20.44,20.30,18.59,18.27
01/25/24 22:38:00,20.43,20.26,18.62,18.26
01/25/24 22:39:00,20.44,20.25,18.61,18.31
01/25/24 22:40:00,20.40,20.27,18.59,18.23
01/25/24 22:41:00,20.46,20.24,18.60,18.26
01/25/24 22:42:00,20.39,20.23,18.57,18.25
01/25/24 22:43:00,20.38,20.27,18.58,18.25
01/25/24 22:44:00,20.34,20.22,18.55,18.24
01/25/24 22:45:00,20.35,20.16,18.61,18.27
01/25/24 22:46:00,20.34,20.18,18.59,18.18
01/25/24 22:47:00,20.34,20.17,18.55,18.24
01/25/24 22:48:00,20.32,20.17,18.53,18.22
01/25/24 22:49:00,20.33,20.14,18.53,18.19
01/25/24 22:50:00,20.30,20.13,18.52,18.15
01/25/24 22:51:00,20.31,20.12,18.53,18.24
01/25/24 22:52:00,20.26,20.11,18.51,18.27
01/25/24 22:53:00,20.28,20.12,18.52,18.19
01/25/24 22:54:00,20.24,20.09,18.49,18.20
01/25/24 22:55:00,20.24,20.11,18.48,18.14
01/25/24 22:56:00,20.23,20.09,18.47,18.22
01/25/24 22:57:00,20.21,20.07,18.52,18.16
01/25/24 22:58:00,20.21,20.03,18.49,18.17
01/25/24 22:59:00,20.22,20.03,18.48,18.18
01/25/24 23:00:00,20.19,20.03,18.46,18.21
01/25/24 23:01:00,20.19,20.03,18.43,18.09
01/25/24 23:02:00,20.19,20.02,18.44,18.05
01/25/24 23:03:00,20.13,20.00,18.39,18.01
01/25/24 23:04:00,20.15,20.01,18.37,18.02
01/25/24 23:05:00,20.16,20.07,18.40,18.05
01/25/24 23:06:00,20.13,19.96,18.40,17.99
01/25/24 23:07:00,20.10,19.95,18.39,18.04
01/25/24 23:08:00,20.10,19.97,18.35,18.06
01/25/24 23:09:00,20.10,19.94,18.37,18.06
01/25/24 23:10:00,20.07,19.93,18.35,18.04
01/25/24 23:11:00,20.16,19.90,18.38,18.05
01/25/24 23:12:00,20.10,19.94,18.35,18.04
01/25/24 23:13:00,20.08,19.89,18.35,18.07
01/25/24 23:14:00,20.06,19.92,18.35,18.05
01/25/24 23:15:00,20.04,19.88,18.34,18.05
01/25/24 23:16:00,20.01,19.88,18.34,18.02
01/25/24 23:17:00,20.01,19.85,18.30,18.07
01/25/24 23:18:00,20.01,19.86,18.32,17.99
01/25/24 23:19:00,20.01,19.84,18.32,18.04
01/25/24 23:20:00,19.96,19.83,18.33,18.02
01/25/24 23:21:00,19.98,19.83,18.29,17.96
01/25/24 23:22:00,19.97,19.82,18.30,17.96
01/25/24 23:23:00,19.94,19.78,18.27,17.90
01/25/24 23:24:00,19.92,19.79,18.30,17.92
01/25/24 23:25:00,19.95,19.79,18.28,17.97
01/25/24 23:26:00,19.95,19.75,18.24,17.97
01/25/24 23:27:00,19.91,19.77,18.25,17.97
01/25/24 23:28:00,19.90,19.74,18.24,17.96
01/25/24 23:29:00,19.88,19.75,18.27,17.88
01/25/24 23:30:00,19.89,19.75,18.25,17.98
01/25/24 23:31:00,19.87,19.75,18.24,17.99
01/25/24 23:32:00,19.96,19.74,18.24,18.02
01/25/24 23:33:00,19.93,19.71,18.25,17.99
01/25/24 23:34:00,19.93,19.70,18.27,17.95
01/25/24 23:35:00,19.85,19.69,18.19,17.94
01/25/24 23:36:00,19.86,19.67,18.25,17.92
01/25/24 23:37:00,19.85,19.71,18.23,17.94
01/25/24 23:38:00,19.82,19.68,18.24,17.95
01/25/24 23:39:00,19.80,19.68,18.19,17.91
01/25/24 23:40:00,19.86,19.68,18.17,17.83
01/25/24 23:41:00,19.79,19.67,18.22,17.86
01/25/24 23:42:00,19.77,19.67,18.20,17.80
01/25/24 23:43:00,19.79,19.64,18.18,17.83
01/25/24 23:44:00,19.75,19.64,18.17,17.83
01/25/24 23:45:00,19.78,19.61,18.13,17.93
01/25/24 23:46:00,19.77,19.63,18.12,17.79
01/25/24 23:47:00,19.74,19.61,18.12,17.80
01/25/24 23:48:00,19.76,19.59,18.19,17.81
01/25/24 23:49:00,19.76,19.59,18.13,17.84
01/25/24 23:50:00,19.73,19.58,18.20,17.81
01/25/24 23:51:00,19.70,19.58,18.09,17.80
01/25/24 23:52:00,19.70,19.57,18.12,17.86
01/25/24 23:53:00,19.70,19.55,18.11,17.87
01/25/24 23:54:00,19.72,19.57,18.17,17.84
01/25/24 23:55:00,19.69,19.58,18.08,17.88
01/25/24 23:56:00,19.69,19.54,18.11,17.86
01/25/24 23:57:00,19.68,19.54,18.09,17.88
01/25/24 23:58:00,19.65,19.56,18.12,17.88
01/25/24 23:59:00,19.68,19.54,18.07,17.92
01/26/24 00:00:00,19.63,19.54,18.11,17.89
01/26/24 00:01:00,19.65,19.48,18.11,17.89
01/26/24 00:02:00,19.65,19.50,18.12,17.84
01/26/24 00:03:00,19.65,19.49,18.12,17.85
01/26/24 00:04:00,19.62,19.56,18.10,17.82
01/26/24 00:05:00,19.62,19.48,18.09,17.82
01/26/24 00:06:00,19.59,19.49,18.06,17.81
01/26/24 00:07:00,19.61,19.48,18.07,17.79
01/26/24 00:08:00,19.61,19.45,18.05,17.72
01/26/24 00:09:00,19.59,19.44,18.08,17.77
01/26/24 00:10:00,19.60,19.47,18.04,17.73
01/26/24 00:11:00,19.58,19.42,18.03,17.78
01/26/24 00:12:00,19.57,19.44,18.02,17.79
01/26/24 00:13:00,19.54,19.47,18.03,17.79
01/26/24 00:14:00,19.55,19.43,18.07,17.80
01/26/24 00:15:00,19.54,19.43,18.00,17.85
01/26/24 00:16:00,19.61,19.41,18.03,17.84
01/26/24 00:17:00,19.51,19.40,18.02,17.85
01/26/24 00:18:00,19.51,19.40,18.04,17.84
01/26/24 00:19:00,19.55,19.42,18.05,17.84
01/26/24 00:20:00,19.53,19.40,18.04,17.91
01/26/24 00:21:00,19.51,19.36,18.05,17.90
01/26/24 00:22:00,19.49,19.42,18.07,17.93
01/26/24 00:23:00,19.50,19.37,18.06,17.97
01/26/24 00:24:00,19.49,19.35,18.10,17.99
01/26/24 00:25:00,19.49,19.36,18.09,17.97
01/26/24 00:26:00,19.54,19.38,18.08,17.99
01/26/24 00:27:00,19.53,19.38,18.09,17.97
01/26/24 00:28:00,19.52,19.38,18.11,17.93
01/26/24 00:29:00,19.44,19.38,18.11,17.91
01/26/24 00:30:00,19.47,19.38,18.11,17.93
01/26/24 00:31:00,19.48,19.37,18.07,17.91
01/26/24 00:32:00,19.49,19.38,18.14,17.91
01/26/24 00:33:00,19.45,19.36,18.10,17.89
01/26/24 00:34:00,19.47,19.32,18.13,17.90
01/26/24 00:35:00,19.49,19.36,18.08,17.90
01/26/24 00:36:00,19.44,19.34,18.09,17.91
01/26/24 00:37:00,19.42,19.36,18.09,17.89
01/26/24 00:38:00,19.44,19.32,18.10,17.93
01/26/24 00:39:00,19.41,19.35,18.10,18.01
01/26/24 00:40:00,19.43,19.33,18.10,17.92
01/26/24 00:41:00,19.41,19.33,18.11,17.91
01/26/24 00:42:00,19.40,19.32,18.04,17.91
01/26/24 00:43:00,19.50,19.39,18.11,17.85
01/26/24 00:44:00,19.41,19.35,18.07,17.82
01/26/24 00:45:00,19.44,19.33,18.13,17.83
01/26/24 00:46:00,19.41,19.30,18.05,17.78
01/26/24 00:47:00,19.41,19.30,18.05,17.78
01/26/24 00:48:00,19.41,19.33,18.03,17.70
01/26/24 00:49:00,19.39,19.29,18.02,17.64
01/26/24 00:50:00,19.39,19.29,17.98,17.70
01/26/24 00:51:00,19.37,19.26,17.96,17.59
01/26/24 00:52:00,19.36,19.31,17.98,17.57
01/26/24 00:53:00,19.36,19.27,17.93,17.52
01/26/24 00:54:00,19.38,19.27,17.99,17.53
01/26/24 00:55:00,19.34,19.24,17.86,17.48
01/26/24 00:56:00,19.37,19.24,17.87,17.43
01/26/24 00:57:00,19.37,19.26,17.81,17.43
01/26/24 00:58:00,19.34,19.23,17.89,17.47
01/26/24 00:59:00,19.32,19.21,17.80,17.40
01/26/24 01:00:00,19.31,19.23,17.77,17.38
01/26/24 01:01:00,19.27,19.20,17.76,17.35
01/26/24 01:02:00,19.26,19.24,17.71,17.34
01/26/24 01:03:00,19.29,19.16,17.73,17.31
01/26/24 01:04:00,19.27,19.17,17.69,17.30
01/26/24 01:05:00,19.31,19.15,17.70,17.35
01/26/24 01:06:00,19.26,19.10,17.68,17.39
01/26/24 01:07:00,19.34,19.16,17.67,17.42
01/26/24 01:08:00,19.27,19.11,17.66,17.47
01/26/24 01:09:00,19.21,19.07,17.66,17.45
01/26/24 01:10:00,19.22,19.13,17.63,17.45
01/26/24 01:11:00,19.18,19.05,17.65,17.48
01/26/24 01:12:00,19.18,19.06,17.72,17.45
01/26/24 01:13:00,19.19,19.07,17.69,17.49
01/26/24 01:14:00,19.17,19.06,17.64,17.47
01/26/24 01:15:00,19.19,19.06,17.67,17.41
01/26/24 01:16:00,19.15,19.02,17.67,17.39
01/26/24 01:17:00,19.24,19.02,17.64,17.43
01/26/24 01:18:00,19.11,19.01,17.64,17.31
01/26/24 01:19:00,19.11,19.09,17.63,17.32
01/26/24 01:20:00,19.10,19.00,17.63,17.36
01/26/24 01:21:00,19.08,19.00,17.68,17.36
01/26/24 01:22:00,19.15,19.01,17.61,17.39
01/26/24 01:23:00,19.10,18.96,17.60,17.48
01/26/24 01:24:00,19.11,18.96,17.67,17.36
01/26/24 01:25:00,19.08,18.99,17.66,17.33
01/26/24 01:26:00,19.10,18.97,17.61,17.32
01/26/24 01:27:00,19.05,18.94,17.61,17.32
01/26/24 01:28:00,19.09,18.94,17.59,17.31
01/26/24 01:29:00,19.05,18.93,17.56,17.33
01/26/24 01:30:00,19.03,18.94,17.60,17.36
01/26/24 01:31:00,19.07,18.97,17.57,17.25
01/26/24 01:32:00,19.02,18.92,17.57,17.24
01/26/24 01:33:00,19.02,18.95,17.55,17.25
01/26/24 01:34:00,19.01,18.87,17.60,17.17
01/26/24 01:35:00,19.02,18.90,17.59,17.17
01/26/24 01:36:00,19.02,18.87,17.48,17.20
01/26/24 01:37:00,18.99,18.86,17.49,17.18
01/26/24 01:38:00,18.99,18.89,17.49,17.17
01/26/24 01:39:00,18.99,18.88,17.50,17.23
01/26/24 01:40:00,18.99,18.90,17.49,17.15
01/26/24 01:41:00,18.94,18.85,17.46,17.14
01/26/24 01:42:00,18.99,18.82,17.44,17.17
01/26/24 01:43:00,18.94,18.81,17.45,17.10
01/26/24 01:44:00,18.95,18.83,17.43,17.17
01/26/24 01:45:00,18.94,18.81,17.42,17.13
01/26/24 01:46:00,18.90,18.83,17.44,17.21
01/26/24 01:47:00,18.92,18.82,17.43,17.18
01/26/24 01:48:00,18.89,18.78,17.38,17.11
01/26/24 01:49:00,18.87,18.79,17.40,17.08
01/26/24 01:50:00,18.90,18.80,17.39,17.07
01/26/24 01:51:00,18.94,18.79,17.36,17.06
01/26/24 01:52:00,18.87,18.75,17.36,17.04
01/26/24 01:53:00,18.87,18.80,17.37,17.03
01/26/24 01:54:00,18.89,18.78,17.34,17.03
01/26/24 01:55:00,18.87,18.73,17.38,17.04
01/26/24 01:56:00,18.87,18.71,17.43,17.08
01/26/24 01:57:00,18.84,18.72,17.32,17.10
01/26/24 01:58:00,18.83,18.70,17.36,17.07
01/26/24 01:59:00,18.82,18.70,17.34,17.08
01/26/24 02:00:00,18.83,18.73,17.32,17.06
01/26/24 02:01:00,18.83,18.71,17.32,17.00
01/26/24 02:02:00,18.81,18.70,17.34,16.99
01/26/24 02:03:00,18.78,18.68,17.30,17.00
01/26/24 02:04:00,18.79,18.65,17.30,17.00
01/26/24 02:05:00,18.78,18.64,17.32,17.03
01/26/24 02:06:00,18.77,18.67,17.30,17.01
01/26/24 02:07:00,18.79,18.67,17.29,17.00
01/26/24 02:08:00,18.78,18.61,17.27,17.02
01/26/24 02:09:00,18.76,18.64,17.27,16.98
01/26/24 02:10:00,18.74,18.64,17.29,16.95
01/26/24 02:11:00,18.73,18.62,17.27,16.92
01/26/24 02:12:00,18.71,18.61,17.27,16.94
01/26/24 02:13:00,18.76,18.61,17.25,16.88
01/26/24 02:14:00,18.73,18.59,17.24,16.94
01/26/24 02:15:00,18.71,18.59,17.25,16.93
01/26/24 02:16:00,18.70,18.57,17.21,17.01
01/26/24 02:17:00,18.70,18.57,17.24,16.99
01/26/24 02:18:00,18.69,18.64,17.24,17.08
01/26/24 02:19:00,18.74,18.64,17.25,17.01
01/26/24 02:20:00,18.62,18.61,17.26,17.08
01/26/24 02:21:00,18.65,18.58,17.27,17.04
01/26/24 02:22:00,18.65,18.56,17.27,17.02
01/26/24 02:23:00,18.72,18.54,17.30,17.08
01/26/24 02:24:00,18.65,18.56,17.28,17.10
01/26/24 02:25:00,18.68,18.53,17.26,17.06
01/26/24 02:26:00,18.74,18.53,17.26,17.07
01/26/24 02:27:00,18.64,18.53,17.28,17.02
01/26/24 02:28:00,18.63,18.53,17.30,17.07
01/26/24 02:29:00,18.64,18.52,17.31,17.01
01/26/24 02:30:00,18.63,18.56,17.27,17.00
01/26/24 02:31:00,18.62,18.52,17.25,16.98
01/26/24 02:32:00,18.68,18.51,17.24,16.95
01/26/24 02:33:00,18.61,18.50,17.22,16.91
01/26/24 02:34:00,18.58,18.52,17.26,16.94
01/26/24 02:35:00,18.60,18.52,17.23,16.91
01/26/24 02:36:00,18.63,18.54,17.22,16.92
01/26/24 02:37:00,18.64,18.52,17.19,16.99
01/26/24 02:38:00,18.58,18.49,17.24,16.98
01/26/24 02:39:00,18.60,18.50,17.20,16.91
01/26/24 02:40:00,18.59,18.50,17.21,16.99
01/26/24 02:41:00,18.57,18.48,17.26,17.00
01/26/24 02:42:00,18.68,18.49,17.21,17.07
01/26/24 02:43:00,18.57,18.47,17.22,16.99
01/26/24 02:44:00,18.57,18.47,17.23,16.98
01/26/24 02:45:00,18.54,18.47,17.20,16.99
01/26/24 02:46:00,18.54,18.44,17.21,16.96
01/26/24 02:47:00,18.55,18.47,17.21,16.93
01/26/24 02:48:00,18.55,18.44,17.20,16.96
01/26/24 02:49:00,18.54,18.47,17.21,16.88
01/26/24 02:50:00,18.55,18.47,17.18,16.94
01/26/24 02:51:00,18.52,18.44,17.21,17.01
01/26/24 02:52:00,18.49,18.42,17.21,17.06
01/26/24 02:53:00,18.50,18.54,17.21,17.04
01/26/24 02:54:00,18.54,18.42,17.22,17.10
01/26/24 02:55:00,18.59,18.51,17.24,17.10
01/26/24 02:56:00,18.50,18.39,17.24,17.14
01/26/24 02:57:00,18.51,18.44,17.24,17.18
01/26/24 02:58:00,18.51,18.44,17.24,17.19
01/26/24 02:59:00,18.50,18.44,17.26,17.29
01/26/24 03:00:00,18.58,18.40,17.25,17.24
01/26/24 03:01:00,18.49,18.42,17.30,17.27
01/26/24 03:02:00,18.50,18.44,17.33,17.45
01/26/24 03:03:00,18.50,18.42,17.36,17.39
01/26/24 03:04:00,18.52,18.44,17.34,17.30
01/26/24 03:05:00,18.52,18.42,17.38,17.36
01/26/24 03:06:00,18.51,18.45,17.38,17.39
01/26/24 03:07:00,18.50,18.44,17.42,17.29
01/26/24 03:08:00,18.52,18.45,17.39,17.31
01/26/24 03:09:00,18.52,18.48,17.42,17.20
01/26/24 03:10:00,18.51,18.45,17.39,17.20
01/26/24 03:11:00,18.51,18.47,17.39,17.24
01/26/24 03:12:00,18.54,18.53,17.38,17.20
01/26/24 03:13:00,18.56,18.46,17.40,17.23
01/26/24 03:14:00,18.54,18.45,17.41,17.28
01/26/24 03:15:00,18.57,18.46,17.41,17.27
01/26/24 03:16:00,18.54,18.45,17.41,17.20
01/26/24 03:17:00,18.54,18.47,17.46,17.23
01/26/24 03:18:00,18.55,18.47,17.38,17.22
01/26/24 03:19:00,18.54,18.46,17.37,17.24
01/26/24 03:20:00,18.54,18.48,17.40,17.28
01/26/24 03:21:00,18.54,18.48,17.38,17.23
01/26/24 03:22:00,18.52,18.48,17.47,17.31
01/26/24 03:23:00,18.52,18.49,17.40,17.35
01/26/24 03:24:00,18.55,18.45,17.41,17.38
01/26/24 03:25:00,18.53,18.47,17.42,17.34
01/26/24 03:26:00,18.55,18.49,17.42,17.33
01/26/24 03:27:00,18.54,18.46,17.40,17.30
01/26/24 03:28:00,18.54,18.52,17.47,17.38
01/26/24 03:29:00,18.55,18.57,17.43,17.31
01/26/24 03:30:00,18.54,18.50,17.43,17.29
01/26/24 03:31:00,18.53,18.49,17.41,17.27
01/26/24 03:32:00,18.53,18.47,17.39,17.26
01/26/24 03:33:00,18.57,18.50,17.43,17.20
01/26/24 03:34:00,18.54,18.48,17.42,17.19
01/26/24 03:35:00,18.53,18.48,17.38,17.16
01/26/24 03:36:00,18.57,18.48,17.39,17.13
01/26/24 03:37:00,18.55,18.48,17.36,17.14
01/26/24 03:38:00,18.59,18.48,17.35,17.10
01/26/24 03:39:00,18.60,18.50,17.35,17.07
01/26/24 03:40:00,18.56,18.48,17.36,17.04
01/26/24 03:41:00,18.55,18.45,17.32,17.00
01/26/24 03:42:00,18.51,18.55,17.31,17.00
01/26/24 03:43:00,18.54,18.43,17.31,17.04
01/26/24 03:44:00,18.52,18.45,17.28,17.06
01/26/24 03:45:00,18.52,18.43,17.28,17.08
01/26/24 03:46:00,18.54,18.43,17.29,17.04
01/26/24 03:47:00,18.52,18.46,17.29,17.01
01/26/24 03:48:00,18.52,18.44,17.25,17.05
01/26/24 03:49:00,18.49,18.48,17.28,17.09
01/26/24 03:50:00,18.50,18.45,17.29,17.08
01/26/24 03:51:00,18.50,18.44,17.26,17.08
01/26/24 03:52:00,18.52,18.42,17.24,17.04
01/26/24 03:53:00,18.52,18.40,17.26,17.04
01/26/24 03:54:00,18.49,18.42,17.24,17.06
01/26/24 03:55:00,18.57,18.44,17.26,17.04
01/26/24 03:56:00,18.50,18.42,17.27,17.02
01/26/24 03:57:00,18.50,18.39,17.26,16.97
01/26/24 03:58:00,18.48,18.42,17.24,16.98
01/26/24 03:59:00,18.50,18.42,17.26,16.90
01/26/24 04:00:00,18.55,18.39,17.22,16.89
01/26/24 04:01:00,18.47,18.40,17.21,16.87
01/26/24 04:02:00,18.47,18.46,17.18,16.88
01/26/24 04:03:00,18.48,18.39,17.19,16.82
01/26/24 04:04:00,18.53,18.39,17.15,16.92
01/26/24 04:05:00,18.43,18.38,17.19,16.80
01/26/24 04:06:00,18.43,18.47,17.21,16.80
01/26/24 04:07:00,18.42,18.37,17.21,16.81
01/26/24 04:08:00,18.45,18.34,17.18,16.77
01/26/24 04:09:00,18.44,18.36,17.09,16.73
01/26/24 04:10:00,18.46,18.34,17.09,16.76
01/26/24 04:11:00,18.50,18.35,17.05,16.76
01/26/24 04:12:00,18.40,18.31,17.05,16.73
01/26/24 04:13:00,18.38,18.33,17.06,16.77
01/26/24 04:14:00,18.49,18.30,17.04,16.91
01/26/24 04:15:00,18.38,18.33,17.02,16.85
01/26/24 04:16:00,18.41,18.36,17.12,16.80
01/26/24 04:17:00,18.40,18.30,17.08,16.77
01/26/24 04:18:00,18.36,18.25,17.06,16.80
01/26/24 04:19:00,18.38,18.27,17.04,16.78
01/26/24 04:20:00,18.45,18.26,17.04,16.78
01/26/24 04:21:00,18.36,18.27,17.03,16.80
01/26/24 04:22:00,18.35,18.28,17.00,16.86
01/26/24 04:23:00,18.38,18.26,17.06,16.84
01/26/24 04:24:00,18.35,18.24,17.04,16.83
01/26/24 04:25:00,18.30,18.28,17.06,16.78
01/26/24 04:26:00,18.30,18.26,17.02,16.78
01/26/24 04:27:00,18.35,18.21,17.04,16.80
01/26/24 04:28:00,18.35,18.23,17.04,16.86
01/26/24 04:29:00,18.30,18.28,17.00,16.81
01/26/24 04:30:00,18.33,18.20,17.07,16.76
01/26/24 04:31:00,18.33,18.24,17.03,16.79
01/26/24 04:32:00,18.34,18.24,17.01,16.72
01/26/24 04:33:00,18.32,18.22,17.02,16.80
01/26/24 04:34:00,18.30,18.24,17.03,16.76
01/26/24 04:35:00,18.32,18.21,17.02,16.77
01/26/24 04:36:00,18.28,18.23,17.01,16.80
01/26/24 04:37:00,18.35,18.21,17.02,16.83
01/26/24 04:38:00,18.32,18.20,17.04,16.79
01/26/24 04:39:00,18.27,18.20,17.02,16.73
01/26/24 04:40:00,18.26,18.21,17.02,16.70
01/26/24 04:41:00,18.31,18.20,17.02,16.71
01/26/24 04:42:00,18.25,18.19,16.98,16.65
01/26/24 04:43:00,18.30,18.19,16.97,16.71
01/26/24 04:44:00,18.29,18.23,16.94,16.79
01/26/24 04:45:00,18.26,18.18,16.97,16.74
01/26/24 04:46:00,18.26,18.19,16.97,16.78
01/26/24 04:47:00,18.25,18.16,16.97,16.87
01/26/24 04:48:00,18.27,18.27,16.96,16.84
01/26/24 04:49:00,18.24,18.18,17.00,16.87
01/26/24 04:50:00,18.26,18.17,17.02,16.87
01/26/24 04:51:00,18.25,18.15,16.99,16.90
01/26/24 04:52:00,18.27,18.17,17.03,16.88
01/26/24 04:53:00,18.26,18.16,17.06,16.85
01/26/24 04:54:00,18.33,18.14,17.02,16.81
01/26/24 04:55:00,18.30,18.15,17.03,16.84
01/26/24 04:56:00,18.27,18.15,17.02,16.82
01/26/24 04:57:00,18.27,18.15,17.05,16.77
01/26/24 04:58:00,18.24,18.14,17.04,16.91
01/26/24 04:59:00,18.25,18.14,17.04,16.85
01/26/24 05:00:00,18.25,18.13,17.02,16.84
01/26/24 05:01:00,18.26,18.15,17.02,16.85
01/26/24 05:02:00,18.25,18.14,17.07,16.88
01/26/24 05:03:00,18.28,18.14,17.05,16.89
01/26/24 05:04:00,18.22,18.15,17.07,16.94
01/26/24 05:05:00,18.22,18.15,17.07,16.99
01/26/24 05:06:00,18.24,18.18,17.07,17.03
01/26/24 05:07:00,18.27,18.13,17.10,16.97
01/26/24 05:08:00,18.23,18.14,17.09,16.98
01/26/24 05:09:00,18.24,18.15,17.10,17.03
01/26/24 05:10:00,18.24,18.14,17.12,17.07
01/26/24 05:11:00,18.26,18.14,17.13,17.11
01/26/24 05:12:00,18.32,18.16,17.16,17.13
01/26/24 05:13:00,18.24,18.19,17.19,17.15
01/26/24 05:14:00,18.24,18.16,17.21,17.21
01/26/24 05:15:00,18.23,18.19,17.22,17.18
01/26/24 05:16:00,18.23,18.19,17.27,17.23
01/26/24 05:17:00,18.29,18.19,17.27,17.23
01/26/24 05:18:00,18.29,18.19,17.29,17.26
01/26/24 05:19:00,18.27,18.24,17.30,17.26
01/26/24 05:20:00,18.32,18.26,17.34,17.28
01/26/24 05:21:00,18.31,18.31,17.36,17.33
01/26/24 05:22:00,18.31,18.28,17.36,17.39
01/26/24 05:23:00,18.35,18.26,17.38,17.31
01/26/24 05:24:00,18.35,18.33,17.42,17.36
01/26/24 05:25:00,18.35,18.32,17.41,17.38
01/26/24 05:26:00,18.36,18.33,17.46,17.44
01/26/24 05:27:00,18.37,18.35,17.47,17.45
01/26/24 05:28:00,18.37,18.44,17.50,17.45
01/26/24 05:29:00,18.48,18.41,17.56,17.60
01/26/24 05:30:00,18.49,18.43,17.53,17.52
01/26/24 05:31:00,18.40,18.45,17.53,17.52
01/26/24 05:32:00,18.45,18.47,17.59,17.57
01/26/24 05:33:00,18.44,18.48,17.59,17.60
01/26/24 05:34:00,18.48,18.50,17.65,17.60
01/26/24 05:35:00,18.51,18.52,17.71,17.63
01/26/24 05:36:00,18.55,18.54,17.66,17.58
01/26/24 05:37:00,18.56,18.58,17.67,17.61
01/26/24 05:38:00,18.59,18.61,17.68,17.60
01/26/24 05:39:00,18.63,18.73,17.70,17.55
01/26/24 05:40:00,18.66,18.69,17.74,17.59
01/26/24 05:41:00,18.74,18.72,17.76,17.64
01/26/24 05:42:00,18.71,18.73,17.76,17.65
01/26/24 05:43:00,18.75,18.79,17.81,17.70
01/26/24 05:44:00,18.77,18.82,17.82,17.72
01/26/24 05:45:00,18.79,18.85,17.85,17.69
01/26/24 05:46:00,18.83,18.92,17.88,17.70
01/26/24 05:47:00,18.86,18.94,17.94,17.74
01/26/24 05:48:00,18.91,19.01,17.94,17.76
01/26/24 05:49:00,18.95,19.04,17.97,17.77
01/26/24 05:50:00,19.00,19.14,18.02,17.74
01/26/24 05:51:00,19.05,19.17,18.04,17.81
01/26/24 05:52:00,19.08,19.17,18.07,17.79
01/26/24 05:53:00,19.11,19.23,18.15,17.77
01/26/24 05:54:00,19.17,19.26,18.14,17.85
01/26/24 05:55:00,19.21,19.30,18.14,17.86
01/26/24 05:56:00,19.21,19.38,18.18,17.88
01/26/24 05:57:00,19.28,19.41,18.21,17.91
01/26/24 05:58:00,19.31,19.42,18.24,17.91
01/26/24 05:59:00,19.31,19.47,18.25,17.96
01/26/24 06:00:00,19.35,19.52,18.31,18.03
01/26/24 06:01:00,19.40,19.55,18.32,18.04
01/26/24 06:02:00,19.44,19.56,18.38,18.17
01/26/24 06:03:00,19.46,19.64,18.44,18.12
01/26/24 06:04:00,19.48,19.67,18.44,18.19
01/26/24 06:05:00,19.53,19.70,18.45,18.22
01/26/24 06:06:00,19.55,19.73,18.51,18.27
01/26/24 06:07:00,19.60,19.84,18.54,18.24
01/26/24 06:08:00,19.64,19.85,18.57,18.31
01/26/24 06:09:00,19.66,19.87,18.58,18.41
01/26/24 06:10:00,19.72,19.91,18.66,18.34
01/26/24 06:11:00,19.75,19.97,18.70,18.39
01/26/24 06:12:00,19.80,19.97,18.72,18.41
01/26/24 06:13:00,19.85,20.03,18.73,18.46
01/26/24 06:14:00,19.94,20.10,18.79,18.52
01/26/24 06:15:00,19.91,20.10,18.83,18.53
01/26/24 06:16:00,19.94,20.15,18.87,18.59
01/26/24 06:17:00,19.99,20.19,18.88,18.66
01/26/24 06:18:00,20.06,20.26,18.96,18.74
01/26/24 06:19:00,20.04,20.27,19.00,18.77
01/26/24 06:20:00,20.11,20.31,19.04,18.76
01/26/24 06:21:00,20.17,20.36,19.09,18.78
01/26/24 06:22:00,20.24,20.43,19.10,18.83
01/26/24 06:23:00,20.25,20.45,19.16,18.87
01/26/24 06:24:00,20.31,20.51,19.18,18.87
01/26/24 06:25:00,20.31,20.59,19.22,18.91
01/26/24 06:26:00,20.37,20.60,19.26,18.98
01/26/24 06:27:00,20.43,20.63,19.30,19.06
01/26/24 06:28:00,20.42,20.66,19.44,19.07
01/26/24 06:29:00,20.47,20.73,19.40,19.10
01/26/24 06:30:00,20.52,20.77,19.45,19.15
01/26/24 06:31:00,20.59,20.80,19.49,19.25
01/26/24 06:32:00,20.60,20.86,19.58,19.30
01/26/24 06:33:00,20.69,20.91,19.64,19.32
01/26/24 06:34:00,20.74,20.98,19.76,19.37
01/26/24 06:35:00,20.77,21.04,19.71,19.43
01/26/24 06:36:00,20.82,21.11,19.78,19.52
01/26/24 06:37:00,20.88,21.16,19.81,19.55
01/26/24 06:38:00,20.94,21.21,19.94,19.62
01/26/24 06:39:00,21.05,21.29,19.93,19.67
01/26/24 06:40:00,21.01,21.35,20.00,19.72
01/26/24 06:41:00,21.05,21.40,20.03,19.77
01/26/24 06:42:00,21.14,21.49,20.09,19.87
01/26/24 06:43:00,21.20,21.52,20.24,19.95
01/26/24 06:44:00,21.34,21.61,20.25,19.97
01/26/24 06:45:00,21.32,21.66,20.34,20.06
01/26/24 06:46:00,21.38,21.80,20.42,20.19
01/26/24 06:47:00,21.47,21.78,20.56,20.18
01/26/24 06:48:00,21.50,21.84,20.52,20.26
01/26/24 06:49:00,21.57,21.92,20.56,20.41
01/26/24 06:50:00,21.63,22.02,20.68,20.38
01/26/24 06:51:00,21.69,22.09,20.73,20.43
01/26/24 06:52:00,21.77,22.14,20.82,20.52
01/26/24 06:53:00,21.83,22.23,20.85,20.54
01/26/24 06:54:00,21.90,22.28,20.94,20.56
01/26/24 06:55:00,21.97,22.39,20.97,20.62
01/26/24 06:56:00,22.06,22.45,21.08,20.64
01/26/24 06:57:00,22.11,22.52,21.15,20.68
01/26/24 06:58:00,22.17,22.60,21.19,20.76
01/26/24 06:59:00,22.26,22.69,21.21,20.82
01/26/24 07:00:00,22.31,22.70,21.33,20.81
01/26/24 07:01:00,22.42,22.79,21.38,20.86
01/26/24 07:02:00,22.44,22.83,21.43,20.96
01/26/24 07:03:00,22.47,22.92,21.50,21.00
01/26/24 07:04:00,22.60,22.98,21.64,21.11
01/26/24 07:05:00,22.66,23.07,21.65,21.11
01/26/24 07:06:00,22.73,23.14,21.70,21.18
01/26/24 07:07:00,22.83,23.24,21.77,21.25
01/26/24 07:08:00,22.87,23.29,21.83,21.28
01/26/24 07:09:00,22.95,23.40,21.87,21.35
01/26/24 07:10:00,23.03,23.47,21.94,21.42
01/26/24 07:11:00,23.09,23.56,22.00,21.52
01/26/24 07:12:00,23.16,23.60,22.07,21.56
01/26/24 07:13:00,23.24,23.69,22.13,21.57
01/26/24 07:14:00,23.34,23.78,22.26,21.70
01/26/24 07:15:00,23.37,23.85,22.28,21.79
01/26/24 07:16:00,23.46,23.91,22.36,21.83
01/26/24 07:17:00,23.51,24.01,22.43,21.90
01/26/24 07:18:00,23.61,24.10,22.49,21.96
01/26/24 07:19:00,23.77,24.20,22.58,22.05
01/26/24 07:20:00,23.78,24.33,22.66,22.10
01/26/24 07:21:00,23.88,24.31,22.70,22.11
01/26/24 07:22:00,23.91,24.40,22.79,22.19
01/26/24 07:23:00,23.97,24.49,22.85,22.21
01/26/24 07:24:00,24.08,24.56,22.93,22.30
01/26/24 07:25:00,24.15,24.61,23.02,22.32
01/26/24 07:26:00,24.22,24.73,23.06,22.37
01/26/24 07:27:00,24.30,24.79,23.14,22.47
01/26/24 07:28:00,24.37,24.88,23.22,22.57
01/26/24 07:29:00,24.45,25.01,23.31,22.57
01/26/24 07:30:00,24.57,25.07,23.38,22.62
01/26/24 07:31:00,24.61,25.26,23.45,22.68
01/26/24 07:32:00,24.71,25.27,23.56,22.69
01/26/24 07:33:00,24.80,25.37,23.65,22.82
01/26/24 07:34:00,24.88,25.50,23.66,22.84
01/26/24 07:35:00,25.04,25.53,23.73,22.88
01/26/24 07:36:00,25.10,25.64,23.77,22.99
01/26/24 07:37:00,25.17,25.75,23.87,23.03
01/26/24 07:38:00,25.24,25.86,23.96,23.10
01/26/24 07:39:00,25.39,25.93,24.05,23.11
01/26/24 07:40:00,25.49,26.07,24.07,23.14
01/26/24 07:41:00,25.55,26.16,24.13,23.21
01/26/24 07:42:00,25.66,26.27,24.28,23.25
01/26/24 07:43:00,25.76,26.38,24.31,23.35
01/26/24 07:44:00,25.84,26.47,24.37,23.38
01/26/24 07:45:00,25.96,26.67,24.46,23.52
01/26/24 07:46:00,26.06,26.67,24.52,23.52
01/26/24 07:47:00,26.15,26.76,24.60,23.54
01/26/24 07:48:00,26.28,26.85,24.67,23.62
01/26/24 07:49:00,26.33,26.97,24.76,23.66
01/26/24 07:50:00,26.44,27.04,24.80,23.76
01/26/24 07:51:00,26.53,27.22,24.92,23.78
01/26/24 07:52:00,26.63,27.25,24.94,23.80
01/26/24 07:53:00,26.71,27.34,25.01,23.94
01/26/24 07:54:00,26.84,27.44,25.08,23.91
01/26/24 07:55:00,26.89,27.51,25.13,23.95
01/26/24 07:56:00,26.98,27.61,25.18,23.91
01/26/24 07:57:00,27.09,27.67,25.25,23.99
01/26/24 07:58:00,27.19,27.74,25.30,23.96
01/26/24 07:59:00,27.29,27.83,25.35,24.16
01/26/24 08:00:00,27.40,27.86,25.40,24.15
01/26/24 08:01:00,27.44,27.97,25.48,24.20
01/26/24 08:02:00,27.47,28.03,25.56,24.28
01/26/24 08:03:00,27.59,28.14,25.61,24.37
01/26/24 08:04:00,27.65,28.17,25.67,24.36
01/26/24 08:05:00,27.68,28.26,25.76,24.38
01/26/24 08:06:00,27.78,28.33,25.78,24.42
01/26/24 08:07:00,27.88,28.37,25.81,24.51
01/26/24 08:08:00,27.94,28.47,25.88,24.56
01/26/24 08:09:00,28.03,28.56,25.94,24.61
01/26/24 08:10:00,28.11,28.63,26.06,24.70
01/26/24 08:11:00,28.19,28.71,26.09,24.75
01/26/24 08:12:00,28.29,28.83,26.17,24.92
01/26/24 08:13:00,28.35,28.88,26.23,24.94
01/26/24 08:14:00,28.44,28.97,26.31,24.94
01/26/24 08:15:00,28.48,29.08,26.35,25.01
01/26/24 08:16:00,28.60,29.14,26.44,25.07
01/26/24 08:17:00,28.69,29.28,26.54,25.07
01/26/24 08:18:00,28.75,29.30,26.60,25.13
01/26/24 08:19:00,28.86,29.41,26.73,25.16
01/26/24 08:20:00,28.98,29.48,26.70,25.23
01/26/24 08:21:00,29.00,29.53,26.71,25.32
01/26/24 08:22:00,29.10,29.59,26.81,25.35
01/26/24 08:23:00,29.13,29.68,26.81,25.37
01/26/24 08:24:00,29.21,29.79,26.92,25.36
01/26/24 08:25:00,29.27,29.82,26.95,25.46
01/26/24 08:26:00,29.50,29.83,27.06,25.41
01/26/24 08:27:00,29.41,29.96,27.06,25.53
01/26/24 08:28:00,29.42,30.03,27.10,25.58
01/26/24 08:29:00,29.57,30.10,27.23,25.71
01/26/24 08:30:00,29.61,30.16,27.24,25.75
01/26/24 08:31:00,29.66,30.24,27.34,25.89
01/26/24 08:32:00,29.75,30.33,27.40,25.94
01/26/24 08:33:00,29.86,30.41,27.48,26.00
01/26/24 08:34:00,29.91,30.55,27.58,26.03
01/26/24 08:35:00,29.98,30.66,27.72,26.16
01/26/24 08:36:00,30.13,30.82,27.78,26.22
01/26/24 08:37:00,30.24,31.01,27.95,26.39
01/26/24 08:38:00,30.36,31.26,28.09,26.46
01/26/24 08:39:00,30.54,31.60,28.27,26.46
01/26/24 08:40:00,30.72,31.98,28.41,26.59
01/26/24 08:41:00,30.90,32.36,28.70,26.65
01/26/24 08:42:00,31.17,32.76,29.05,26.96
01/26/24 08:43:00,31.52,33.34,29.75,28.03
01/26/24 08:44:00,30.75,27.11,30.36,28.96
01/26/24 08:45:00,30.42,27.17,30.89,30.00
01/26/24 08:46:00,30.36,27.14,31.91,30.64
01/26/24 08:47:00,30.54,27.18,33.05,31.39
01/26/24 08:48:00,30.97,27.22,34.09,31.96
01/26/24 08:49:00,31.64,27.31,35.13,32.90
01/26/24 08:50:00,32.32,27.32,36.27,33.89
01/26/24 08:51:00,33.12,27.51,37.38,34.70
01/26/24 08:52:00,33.90,27.69,38.57,35.42
01/26/24 08:53:00,34.54,27.76,39.62,36.06
01/26/24 08:54:00,35.32,27.93,40.65,37.06
01/26/24 08:55:00,36.11,28.06,41.73,37.88
01/26/24 08:56:00,36.77,28.30,42.82,38.63
01/26/24 08:57:00,37.45,28.38,43.97,39.38
01/26/24 08:58:00,38.11,28.63,44.83,40.00
01/26/24 08:59:00,38.73,28.79,45.81,40.67
01/26/24 09:00:00,39.38,29.06,46.54,41.06
01/26/24 09:01:00,40.08,29.25,47.38,41.71
01/26/24 09:02:00,40.58,29.58,48.10,42.00
01/26/24 09:03:00,41.10,29.81,48.88,42.65
01/26/24 09:04:00,41.55,30.00,49.31,43.14
01/26/24 09:05:00,41.98,30.27,49.74,43.53
01/26/24 09:06:00,42.27,30.49,50.15,43.89
01/26/24 09:07:00,42.63,30.76,50.66,43.63
01/26/24 09:08:00,43.10,31.15,51.26,43.78
01/26/24 09:09:00,43.58,31.30,51.77,44.40
01/26/24 09:10:00,44.16,31.71,52.41,44.43
01/26/24 09:11:00,44.63,31.95,53.16,45.33
01/26/24 09:12:00,45.16,32.19,53.80,45.84
01/26/24 09:13:00,45.69,32.54,54.33,46.37
01/26/24 09:14:00,46.23,32.88,55.08,47.05
01/26/24 09:15:00,46.69,33.13,55.72,47.74
01/26/24 09:16:00,47.16,33.51,56.46,48.44
01/26/24 09:17:00,47.69,33.78,57.01,48.81
01/26/24 09:18:00,48.13,34.23,57.62,49.63
01/26/24 09:19:00,48.56,34.42,58.45,50.20
01/26/24 09:20:00,49.04,34.75,58.87,50.19
01/26/24 09:21:00,49.42,35.08,59.46,49.78
01/26/24 09:22:00,49.98,35.44,60.04,49.82
01/26/24 09:23:00,50.35,35.86,60.33,49.54
01/26/24 09:24:00,50.76,36.16,60.83,50.35
01/26/24 09:25:00,51.20,36.53,61.33,50.93
01/26/24 09:26:00,51.68,37.06,61.79,51.30
01/26/24 09:27:00,52.10,37.24,62.20,51.39
01/26/24 09:28:00,52.49,37.65,62.58,52.04
01/26/24 09:29:00,52.88,37.99,63.02,52.22
01/26/24 09:30:00,53.26,38.40,63.47,52.54
01/26/24 09:31:00,53.63,38.76,63.88,53.10
01/26/24 09:32:00,53.99,39.04,64.34,53.14
01/26/24 09:33:00,54.41,39.44,65.05,53.69
01/26/24 09:34:00,54.83,39.96,65.62,53.52
01/26/24 09:35:00,55.30,40.18,65.95,54.62
01/26/24 09:36:00,55.70,40.61,66.52,54.85
01/26/24 09:37:00,56.14,41.01,67.05,55.68
01/26/24 09:38:00,56.59,41.48,67.60,55.90
01/26/24 09:39:00,56.95,41.79,68.09,56.38
01/26/24 09:40:00,57.41,42.22,68.50,56.10
01/26/24 09:41:00,57.85,42.57,68.97,56.33
01/26/24 09:42:00,58.23,43.08,69.40,56.83
01/26/24 09:43:00,58.66,43.42,70.03,57.18
01/26/24 09:44:00,59.13,43.86,70.31,58.22
01/26/24 09:45:00,59.54,44.19,70.77,58.03
01/26/24 09:46:00,59.92,44.61,71.28,58.71
01/26/24 09:47:00,60.32,45.05,71.69,59.18
01/26/24 09:48:00,60.81,45.45,72.15,59.19
01/26/24 09:49:00,61.16,45.89,72.60,59.86
01/26/24 09:50:00,61.58,46.33,73.06,59.54
01/26/24 09:51:00,61.99,46.76,73.48,59.40
01/26/24 09:52:00,62.39,47.21,73.86,60.28
01/26/24 09:53:00,62.83,47.58,74.13,61.17
01/26/24 09:54:00,63.32,48.00,74.59,61.32
01/26/24 09:55:00,63.71,48.43,75.05,61.41
01/26/24 09:56:00,64.10,48.87,75.42,60.97
01/26/24 09:57:00,64.47,49.40,75.93,61.49
01/26/24 09:58:00,64.90,49.76,76.19,62.21
01/26/24 09:59:00,65.29,50.21,76.65,62.31
01/26/24 10:00:00,65.65,50.58,77.09,61.08
01/26/24 10:01:00,66.10,51.12,77.56,61.97
01/26/24 10:02:00,66.49,51.49,77.96,61.27
01/26/24 10:03:00,66.90,51.94,78.25,62.14
01/26/24 10:04:00,67.39,52.41,78.70,62.66
01/26/24 10:05:00,67.80,52.87,78.92,62.45
01/26/24 10:06:00,68.25,53.30,79.38,63.05
01/26/24 10:07:00,68.65,53.71,80.00,62.93
01/26/24 10:08:00,69.10,54.15,80.22,63.67
01/26/24 10:09:00,69.55,54.60,80.33,63.83
01/26/24 10:10:00,69.86,55.07,80.55,63.37
01/26/24 10:11:00,70.28,55.51,80.85,63.31
01/26/24 10:12:00,70.65,55.98,80.94,63.79
01/26/24 10:13:00,71.08,56.47,81.14,63.91
01/26/24 10:14:00,71.44,56.91,81.34,63.01
01/26/24 10:15:00,71.89,57.36,81.68,63.98
01/26/24 10:16:00,72.29,57.77,81.80,64.14
01/26/24 10:17:00,72.73,58.21,82.15,64.47
01/26/24 10:18:00,73.15,58.63,82.48,64.59
01/26/24 10:19:00,73.59,59.09,82.77,65.62
01/26/24 10:20:00,73.99,59.57,83.03,65.54
01/26/24 10:21:00,74.42,59.99,83.30,65.50
01/26/24 10:22:00,74.79,60.47,83.61,66.66
01/26/24 10:23:00,75.20,60.86,83.99,65.69
01/26/24 10:24:00,75.58,61.34,84.38,66.35
01/26/24 10:25:00,76.01,61.78,84.94,67.55
01/26/24 10:26:00,76.42,62.22,85.22,67.98
01/26/24 10:27:00,76.88,62.68,85.77,67.97
01/26/24 10:28:00,77.25,63.07,86.36,69.02
01/26/24 10:29:00,77.65,63.65,86.74,67.05
01/26/24 10:30:00,78.13,64.00,87.06,68.14
01/26/24 10:31:00,78.46,64.46,87.60,68.02
01/26/24 10:32:00,78.85,64.89,87.88,67.88
01/26/24 10:33:00,79.28,65.42,88.15,68.47
01/26/24 10:34:00,79.67,65.82,88.52,68.68
01/26/24 10:35:00,80.06,66.28,89.07,68.60
01/26/24 10:36:00,80.49,66.64,89.34,68.79
01/26/24 10:37:00,80.82,67.07,89.74,69.13
01/26/24 10:38:00,81.19,67.56,89.84,69.60
01/26/24 10:39:00,81.70,67.92,90.07,69.82
01/26/24 10:40:00,82.09,68.41,90.48,69.19
01/26/24 10:41:00,82.48,68.85,90.75,69.97
01/26/24 10:42:00,82.94,69.39,90.98,70.16
01/26/24 10:43:00,83.36,69.70,91.38,70.51
01/26/24 10:44:00,83.76,70.19,91.56,71.58
01/26/24 10:45:00,84.19,70.56,91.99,70.30
01/26/24 10:46:00,84.63,71.07,92.32,70.70
01/26/24 10:47:00,84.98,71.46,92.61,71.20
01/26/24 10:48:00,85.38,71.84,93.01,71.65
01/26/24 10:49:00,85.78,72.27,93.31,72.64
01/26/24 10:50:00,86.20,72.72,93.99,72.58
01/26/24 10:51:00,86.58,73.11,94.03,72.13
01/26/24 10:52:00,87.00,73.52,94.38,73.26
01/26/24 10:53:00,87.37,73.99,94.58,72.00
01/26/24 10:54:00,87.73,74.37,94.77,71.99
01/26/24 10:55:00,88.12,74.78,94.81,72.23
01/26/24 10:56:00,88.48,75.21,94.91,71.51
01/26/24 10:57:00,88.82,75.67,95.04,70.45
01/26/24 10:58:00,89.25,76.05,95.08,71.41
01/26/24 10:59:00,89.74,76.52,95.11,72.94
01/26/24 11:00:00,90.03,76.87,95.06,72.91
01/26/24 11:01:00,90.40,77.33,95.17,72.11
01/26/24 11:02:00,90.67,77.77,94.95,71.02
01/26/24 11:03:00,90.91,78.15,94.90,71.33
01/26/24 11:04:00,91.17,78.57,94.86,71.89
01/26/24 11:05:00,91.54,79.00,94.92,71.53
01/26/24 11:06:00,91.73,79.30,95.10,70.86
01/26/24 11:07:00,92.08,79.72,95.14,71.88
01/26/24 11:08:00,92.44,80.09,95.41,72.48
01/26/24 11:09:00,92.85,80.46,95.62,72.83
01/26/24 11:10:00,93.10,80.84,95.96,72.71
01/26/24 11:11:00,93.47,81.21,96.15,73.52
01/26/24 11:12:00,93.79,81.63,96.43,73.13
01/26/24 11:13:00,94.16,81.97,96.78,73.49
01/26/24 11:14:00,94.43,82.37,96.94,73.88
01/26/24 11:15:00,94.83,82.71,96.95,73.10
01/26/24 11:16:00,95.05,83.07,97.04,73.04
01/26/24 11:17:00,95.34,83.42,97.24,72.53
01/26/24 11:18:00,95.62,83.76,97.23,72.81
01/26/24 11:19:00,95.90,84.18,97.50,72.34
01/26/24 11:20:00,96.18,84.44,97.14,72.41
01/26/24 11:21:00,96.40,84.79,97.35,72.70
01/26/24 11:22:00,96.76,85.12,97.12,70.43
01/26/24 11:23:00,96.97,85.48,97.14,72.11
01/26/24 11:24:00,97.29,85.77,97.36,72.07
01/26/24 11:25:00,97.66,86.16,97.37,71.26
01/26/24 11:26:00,97.93,86.45,97.72,71.23
01/26/24 11:27:00,98.21,86.79,97.65,70.88
01/26/24 11:28:00,98.52,87.19,97.82,71.26
01/26/24 11:29:00,98.77,87.41,98.06,71.72
01/26/24 11:30:00,99.06,87.74,98.28,73.12
01/26/24 11:31:00,99.37,88.02,98.46,72.27
01/26/24 11:32:00,99.68,88.27,98.52,72.73
01/26/24 11:33:00,99.95,88.61,98.82,73.14
01/26/24 11:34:00,100.18,88.92,99.02,72.64
01/26/24 11:35:00,100.44,89.28,99.14,72.95
01/26/24 11:36:00,100.74,89.59,99.35,72.52
01/26/24 11:37:00,101.10,89.92,99.47,73.70
01/26/24 11:38:00,101.36,90.17,99.52,72.82
01/26/24 11:39:00,101.66,90.44,99.97,72.48
01/26/24 11:40:00,101.89,90.67,99.79,72.03
01/26/24 11:41:00,102.12,90.92,99.82,72.24
01/26/24 11:42:00,102.34,91.24,100.12,73.73
01/26/24 11:43:00,102.52,91.43,100.45,74.19
01/26/24 11:44:00,102.80,91.74,100.89,74.76
01/26/24 11:45:00,102.93,91.96,100.90,75.30
01/26/24 11:46:00,103.20,92.25,101.16,74.96
01/26/24 11:47:00,103.40,92.50,101.41,75.30
01/26/24 11:48:00,103.59,92.78,101.54,73.58
01/26/24 11:49:00,103.76,92.98,101.68,75.01
01/26/24 11:50:00,103.97,93.23,101.59,74.52
01/26/24 11:51:00,104.24,93.41,101.72,76.27
01/26/24 11:52:00,104.31,93.78,101.72,74.86
01/26/24 11:53:00,104.49,93.90,101.75,74.71
01/26/24 11:54:00,104.71,94.12,101.55,73.72
01/26/24 11:55:00,104.91,94.25,101.23,74.56
01/26/24 11:56:00,105.12,94.47,101.36,74.78
01/26/24 11:57:00,105.22,94.71,101.17,75.19
01/26/24 11:58:00,105.41,94.86,101.24,75.55
01/26/24 11:59:00,105.60,95.10,101.16,74.85
01/26/24 12:00:00,105.71,95.26,101.08,75.00
01/26/24 12:01:00,105.94,95.34,101.07,74.89
01/26/24 12:02:00,106.10,95.63,101.18,74.69
01/26/24 12:03:00,106.31,95.68,101.24,74.89
01/26/24 12:04:00,106.44,95.88,101.40,75.54
01/26/24 12:05:00,106.59,96.01,101.59,74.44
01/26/24 12:06:00,106.62,96.15,101.50,75.37
01/26/24 12:07:00,106.76,96.32,101.95,73.14
01/26/24 12:08:00,106.99,96.50,101.78,73.00
01/26/24 12:09:00,107.11,96.59,101.82,73.36
01/26/24 12:10:00,107.28,96.70,101.79,74.56
01/26/24 12:11:00,107.34,96.91,102.04,74.77
01/26/24 12:12:00,107.46,96.99,102.35,73.46
01/26/24 12:13:00,107.57,97.20,102.53,74.60
01/26/24 12:14:00,107.65,97.43,102.84,72.71
01/26/24 12:15:00,107.78,97.45,102.77,74.12
01/26/24 12:16:00,107.82,97.57,102.67,74.45
01/26/24 12:17:00,107.94,97.62,103.26,73.76
01/26/24 12:18:00,108.01,97.70,102.60,75.66
01/26/24 12:19:00,108.08,97.83,102.91,74.33
01/26/24 12:20:00,108.14,97.87,102.61,74.68
01/26/24 12:21:00,108.24,97.96,102.78,75.93
01/26/24 12:22:00,108.30,98.08,102.79,74.94
01/26/24 12:23:00,108.32,98.16,102.69,74.12
01/26/24 12:24:00,108.33,98.21,102.57,74.97
01/26/24 12:25:00,108.44,98.29,102.62,75.73
01/26/24 12:26:00,108.42,98.38,102.79,74.08
01/26/24 12:27:00,108.53,98.39,102.23,75.05
01/26/24 12:28:00,108.60,98.38,102.45,74.63
01/26/24 12:29:00,108.53,98.68,102.55,73.99
01/26/24 12:30:00,108.61,98.66,102.71,73.27
01/26/24 12:31:00,108.74,98.68,102.53,74.03
01/26/24 12:32:00,108.77,98.59,102.46,75.24
01/26/24 12:33:00,108.67,98.72,102.21,74.96
01/26/24 12:34:00,108.75,98.66,102.45,74.04
01/26/24 12:35:00,108.72,98.69,102.27,73.61
01/26/24 12:36:00,108.81,98.83,102.53,73.75
01/26/24 12:37:00,108.75,98.81,102.61,73.77
01/26/24 12:38:00,108.73,98.82,102.09,73.06
01/26/24 12:39:00,108.75,98.83,102.16,72.74
01/26/24 12:40:00,108.73,98.76,101.98,74.07
01/26/24 12:41:00,108.78,98.90,101.96,73.82
01/26/24 12:42:00,108.71,98.79,101.96,73.57
01/26/24 12:43:00,108.76,98.86,101.65,73.82
01/26/24 12:44:00,108.75,98.82,101.71,74.03
01/26/24 12:45:00,108.67,98.84,101.89,73.73
01/26/24 12:46:00,108.64,99.03,101.58,72.26
01/26/24 12:47:00,108.66,98.82,101.52,73.44
01/26/24 12:48:00,108.69,98.76,101.50,73.33
01/26/24 12:49:00,108.61,98.93,101.40,73.00
01/26/24 12:50:00,108.59,98.85,101.21,72.14
01/26/24 12:51:00,108.52,98.85,101.27,72.06
01/26/24 12:52:00,108.46,98.79,100.82,71.89
01/26/24 12:53:00,108.43,98.84,100.80,72.93
01/26/24 12:54:00,108.42,98.74,100.99,73.35
01/26/24 12:55:00,108.36,98.80,100.83,73.36
01/26/24 12:56:00,108.33,98.80,100.80,73.43
01/26/24 12:57:00,108.34,98.72,101.12,74.51
01/26/24 12:58:00,108.29,98.69,101.09,74.27
01/26/24 12:59:00,108.37,98.80,101.08,74.40
01/26/24 13:00:00,108.27,98.69,101.21,75.11
01/26/24 13:01:00,108.24,98.88,101.29,73.83
01/26/24 13:02:00,108.24,98.79,101.28,73.33
01/26/24 13:03:00,108.19,98.67,101.01,72.54
01/26/24 13:04:00,108.08,98.64,100.81,71.44
01/26/24 13:05:00,108.07,98.74,100.50,71.26
01/26/24 13:06:00,108.06,98.58,100.14,70.84
01/26/24 13:07:00,107.94,98.49,100.04,71.05
01/26/24 13:08:00,107.92,98.46,99.90,70.79
01/26/24 13:09:00,107.94,98.47,99.61,70.43
01/26/24 13:10:00,107.82,98.37,99.15,70.04
01/26/24 13:11:00,107.70,98.45,99.28,70.86
01/26/24 13:12:00,107.65,98.35,99.00,71.35
01/26/24 13:13:00,107.65,98.35,98.80,71.33
01/26/24 13:14:00,107.46,98.37,98.95,71.91
01/26/24 13:15:00,107.38,98.31,98.58,70.96
01/26/24 13:16:00,107.29,98.19,98.76,71.51
01/26/24 13:17:00,107.27,98.29,98.36,70.45
01/26/24 13:18:00,107.19,98.17,98.52,70.68
01/26/24 13:19:00,107.04,98.16,98.15,71.14
01/26/24 13:20:00,107.04,97.97,98.29,71.19
01/26/24 13:21:00,107.04,98.03,97.99,70.29
01/26/24 13:22:00,106.81,97.95,97.79,69.85
01/26/24 13:23:00,106.76,98.00,97.35,68.27
01/26/24 13:24:00,106.62,97.86,97.31,68.45
01/26/24 13:25:00,106.51,97.87,97.08,68.37
01/26/24 13:26:00,106.38,97.81,96.89,67.90
01/26/24 13:27:00,106.31,97.82,96.84,68.93
01/26/24 13:28:00,106.11,97.69,96.73,70.24
01/26/24 13:29:00,106.12,97.64,96.44,70.27
01/26/24 13:30:00,105.97,97.74,96.43,68.84
01/26/24 13:31:00,105.91,97.50,96.22,69.57
01/26/24 13:32:00,105.80,97.49,96.38,70.06
01/26/24 13:33:00,105.61,97.29,96.12,69.73
01/26/24 13:34:00,105.59,97.43,95.80,68.89
01/26/24 13:35:00,105.49,97.33,95.24,67.65
01/26/24 13:36:00,105.39,97.28,95.08,67.82
01/26/24 13:37:00,105.30,97.15,94.95,68.81
01/26/24 13:38:00,105.22,97.16,94.94,69.89
01/26/24 13:39:00,105.04,97.07,94.41,68.70
01/26/24 13:40:00,105.04,96.92,94.52,69.21
01/26/24 13:41:00,104.82,97.06,94.33,68.73
01/26/24 13:42:00,104.75,96.95,94.15,67.78
01/26/24 13:43:00,104.69,96.84,93.48,66.96
01/26/24 13:44:00,104.58,96.92,93.44,67.12
01/26/24 13:45:00,104.53,96.74,92.77,66.66
01/26/24 13:46:00,104.47,96.81,92.43,66.39
01/26/24 13:47:00,104.39,96.66,92.01,66.45
01/26/24 13:48:00,104.24,96.63,91.84,66.26
01/26/24 13:49:00,104.07,96.61,91.42,67.01
01/26/24 13:50:00,103.95,96.47,91.50,67.00
01/26/24 13:51:00,103.81,96.49,91.41,66.14
01/26/24 13:52:00,103.67,96.37,90.95,65.82
01/26/24 13:53:00,103.59,96.44,90.49,65.97
01/26/24 13:54:00,103.37,96.35,90.67,66.09
01/26/24 13:55:00,103.33,96.42,90.03,64.90
01/26/24 13:56:00,103.06,96.26,90.06,64.37
01/26/24 13:57:00,102.91,96.39,89.69,64.72
01/26/24 13:58:00,102.81,96.12,89.59,65.32
01/26/24 13:59:00,102.67,96.12,89.79,65.53
01/26/24 14:00:00,102.55,96.06,89.60,65.75
01/26/24 14:01:00,102.44,96.00,89.32,66.54
01/26/24 14:02:00,102.32,95.95,89.45,65.66
01/26/24 14:03:00,102.22,95.78,89.51,65.64
01/26/24 14:04:00,102.15,95.75,89.19,66.37
01/26/24 14:05:00,102.15,95.68,89.49,66.04
01/26/24 14:06:00,102.05,95.65,88.99,66.57
01/26/24 14:07:00,101.86,95.49,89.04,67.25
01/26/24 14:08:00,101.90,95.53,89.25,67.26
01/26/24 14:09:00,101.67,95.66,89.36,66.65
01/26/24 14:10:00,101.50,95.31,89.05,66.23
01/26/24 14:11:00,101.44,95.33,88.65,66.51
01/26/24 14:12:00,101.28,95.13,88.56,66.24
01/26/24 14:13:00,101.20,95.20,88.43,66.10
01/26/24 14:14:00,101.08,95.07,88.54,66.98
01/26/24 14:15:00,100.92,95.10,88.21,66.21
01/26/24 14:16:00,100.89,94.97,88.22,66.26
01/26/24 14:17:00,100.65,94.98,87.76,65.60
01/26/24 14:18:00,100.57,94.78,87.70,65.18
01/26/24 14:19:00,100.42,94.79,87.59,65.29
01/26/24 14:20:00,100.23,94.58,87.39,64.93
01/26/24 14:21:00,100.11,94.68,86.93,64.50
01/26/24 14:22:00,99.97,94.58,87.08,65.18
01/26/24 14:23:00,99.91,94.47,86.91,64.41
01/26/24 14:24:00,99.78,94.43,86.59,63.89
01/26/24 14:25:00,99.60,94.27,86.45,64.31
01/26/24 14:26:00,99.43,94.16,86.13,63.29
01/26/24 14:27:00,99.28,94.15,85.76,62.89
01/26/24 14:28:00,99.10,94.04,85.38,63.59
01/26/24 14:29:00,98.97,94.10,85.22,63.42
01/26/24 14:30:00,98.77,93.90,85.22,63.93
01/26/24 14:31:00,98.59,93.81,85.01,64.30
01/26/24 14:32:00,98.39,93.77,84.92,64.70
01/26/24 14:33:00,98.31,93.79,85.05,64.35
01/26/24 14:34:00,98.12,93.56,84.85,63.93
01/26/24 14:35:00,97.89,93.53,84.77,63.13
01/26/24 14:36:00,97.77,93.37,84.74,63.17
01/26/24 14:37:00,97.59,93.30,84.57,63.27
01/26/24 14:38:00,97.46,93.24,84.49,63.80
01/26/24 14:39:00,97.28,93.05,84.48,63.08
01/26/24 14:40:00,97.13,93.06,84.22,63.07
01/26/24 14:41:00,96.99,92.85,84.04,62.96
01/26/24 14:42:00,96.85,92.89,83.84,61.98
01/26/24 14:43:00,96.63,92.66,83.45,61.77
01/26/24 14:44:00,96.51,92.54,83.22,61.21
01/26/24 14:45:00,96.26,92.47,82.84,60.71
01/26/24 14:46:00,96.06,92.35,82.33,59.96
01/26/24 14:47:00,95.87,92.27,82.00,60.05
01/26/24 14:48:00,95.75,92.14,81.77,59.93
01/26/24 14:49:00,95.55,91.92,81.86,60.75
01/26/24 14:50:00,95.29,91.88,81.50,60.45
01/26/24 14:51:00,95.06,91.77,81.06,60.02
01/26/24 14:52:00,94.83,91.65,81.17,60.29
01/26/24 14:53:00,94.67,91.51,80.99,60.22
01/26/24 14:54:00,94.46,91.33,80.90,61.01
01/26/24 14:55:00,94.22,91.25,80.76,61.50
01/26/24 14:56:00,94.03,91.13,80.60,60.38
01/26/24 14:57:00,93.86,90.99,80.30,60.64
01/26/24 14:58:00,93.64,90.89,79.99,60.39
01/26/24 14:59:00,93.49,90.67,79.79,59.44
01/26/24 15:00:00,93.19,90.59,79.65,59.67
01/26/24 15:01:00,93.00,90.46,79.40,60.35
01/26/24 15:02:00,92.78,90.28,79.25,59.45
01/26/24 15:03:00,92.58,90.18,78.79,59.02
01/26/24 15:04:00,92.40,90.10,78.53,58.72
01/26/24 15:05:00,92.18,89.95,78.25,57.82
01/26/24 15:06:00,91.90,89.78,78.00,58.24
01/26/24 15:07:00,91.65,89.62,77.61,57.75
01/26/24 15:08:00,91.38,89.42,77.54,57.83
01/26/24 15:09:00,91.18,89.33,77.40,58.10
01/26/24 15:10:00,90.89,89.29,77.17,58.18
01/26/24 15:11:00,90.72,89.05,77.04,58.00
01/26/24 15:12:00,90.48,88.98,76.94,57.87
01/26/24 15:13:00,90.31,88.72,76.58,57.77
01/26/24 15:14:00,90.08,88.65,76.46,57.47
01/26/24 15:15:00,89.89,88.49,76.33,57.22
01/26/24 15:16:00,89.62,88.37,76.12,57.38
01/26/24 15:17:00,89.40,88.24,76.01,56.67
01/26/24 15:18:00,89.13,88.06,75.80,56.86
01/26/24 15:19:00,88.90,87.91,75.57,56.29
01/26/24 15:20:00,88.64,87.71,75.32,56.18
01/26/24 15:21:00,88.51,87.54,74.96,56.08
01/26/24 15:22:00,88.19,87.37,74.71,55.63
01/26/24 15:23:00,88.01,87.23,74.48,55.61
01/26/24 15:24:00,87.77,87.10,74.20,54.75
01/26/24 15:25:00,87.59,86.92,73.70,54.69
01/26/24 15:26:00,87.28,86.78,73.33,54.86
01/26/24 15:27:00,87.05,86.55,73.09,54.89
01/26/24 15:28:00,86.75,86.37,72.76,54.35
01/26/24 15:29:00,85.65,86.19,71.44,53.42
01/26/24 15:30:00,85.37,86.07,71.62,53.48
01/26/24 15:31:00,85.11,85.88,71.07,53.74
01/26/24 15:32:00,84.68,85.73,71.10,53.55
01/26/24 15:33:00,84.81,85.59,70.99,53.07
01/26/24 15:34:00,84.86,85.43,70.61,53.14
01/26/24 15:35:00,84.77,85.22,70.25,52.96
01/26/24 15:36:00,84.53,85.03,69.92,52.85
01/26/24 15:37:00,84.25,84.98,69.60,52.70
01/26/24 15:38:00,84.07,84.70,69.36,52.92
01/26/24 15:39:00,83.82,84.57,68.99,52.74
01/26/24 15:40:00,83.66,84.38,68.59,52.93
01/26/24 15:41:00,83.38,84.16,68.27,53.27
01/26/24 15:42:00,83.17,84.05,67.91,53.13
01/26/24 15:43:00,82.90,83.93,67.49,52.65
01/26/24 15:44:00,82.64,83.70,67.05,52.55
01/26/24 15:45:00,82.49,83.51,66.73,52.24
01/26/24 15:46:00,82.19,83.33,66.44,52.16
01/26/24 15:47:00,82.03,83.10,66.01,51.66
01/26/24 15:48:00,81.73,82.97,65.67,51.39
01/26/24 15:49:00,81.50,82.74,65.57,51.42
01/26/24 15:50:00,81.26,82.56,65.07,50.97
01/26/24 15:51:00,80.94,82.41,64.92,51.36
01/26/24 15:52:00,80.71,82.32,64.61,50.91
01/26/24 15:53:00,80.42,82.11,64.26,50.70
01/26/24 15:54:00,80.16,81.90,64.11,50.57
01/26/24 15:55:00,79.89,81.65,63.78,50.24
01/26/24 15:56:00,79.71,81.44,63.55,49.75
01/26/24 15:57:00,79.46,81.25,63.23,49.32
01/26/24 15:58:00,79.18,81.13,62.96,48.66
01/26/24 15:59:00,78.95,80.90,62.75,49.22
01/26/24 16:00:00,78.69,80.71,62.35,48.35
01/26/24 16:01:00,78.52,80.51,62.11,48.03
01/26/24 16:02:00,78.24,80.32,61.72,47.32
01/26/24 16:03:00,78.01,80.11,61.38,47.17
01/26/24 16:04:00,77.86,79.86,61.15,47.03
01/26/24 16:05:00,77.60,79.73,60.80,46.82
01/26/24 16:06:00,77.35,79.53,60.50,46.68
01/26/24 16:07:00,77.09,79.34,60.22,46.82
01/26/24 16:08:00,76.84,79.09,60.05,47.00
01/26/24 16:09:00,76.61,78.92,59.81,46.87
01/26/24 16:10:00,76.33,78.77,59.56,45.85
01/26/24 16:11:00,76.09,78.55,59.37,46.26
01/26/24 16:12:00,75.87,78.39,59.21,46.15
01/26/24 16:13:00,75.58,78.20,58.86,45.28
01/26/24 16:14:00,75.34,77.89,58.53,45.29
01/26/24 16:15:00,75.10,77.74,58.27,45.12
01/26/24 16:16:00,74.86,77.50,58.00,44.80
01/26/24 16:17:00,74.57,77.28,57.80,45.09
01/26/24 16:18:00,74.31,77.15,57.45,44.78
01/26/24 16:19:00,74.10,76.87,57.07,44.14
01/26/24 16:20:00,73.86,76.67,56.67,44.03
01/26/24 16:21:00,73.65,76.46,56.48,44.21
01/26/24 16:22:00,73.42,76.25,55.92,43.71
01/26/24 16:23:00,73.13,76.05,55.49,42.91
01/26/24 16:24:00,72.86,75.82,54.92,42.73
01/26/24 16:25:00,72.61,75.64,54.39,42.43
01/26/24 16:26:00,72.31,75.43,54.09,42.08
01/26/24 16:27:00,72.11,75.25,53.45,41.61
01/26/24 16:28:00,71.83,75.08,53.23,41.41
01/26/24 16:29:00,71.56,74.83,52.85,40.87
01/26/24 16:30:00,71.31,74.57,52.53,40.65
01/26/24 16:31:00,71.08,74.37,52.06,40.61
01/26/24 16:32:00,70.80,74.18,51.72,40.41
01/26/24 16:33:00,70.51,73.96,51.34,40.37
01/26/24 16:34:00,70.29,73.70,51.11,39.67
01/26/24 16:35:00,70.01,73.51,50.97,39.72
01/26/24 16:36:00,69.75,73.36,50.75,39.22
01/26/24 16:37:00,69.56,73.22,50.20,39.26
01/26/24 16:38:00,69.35,72.90,50.10,39.07
01/26/24 16:39:00,69.05,72.70,49.74,39.36
01/26/24 16:40:00,68.83,72.49,49.67,38.88
01/26/24 16:41:00,68.61,72.35,49.32,38.71
01/26/24 16:42:00,68.28,72.08,48.94,38.31
01/26/24 16:43:00,68.05,71.83,48.85,38.10
01/26/24 16:44:00,67.85,71.65,48.46,37.59
01/26/24 16:45:00,67.62,71.43,48.30,37.55
01/26/24 16:46:00,67.39,71.21,48.05,37.61
01/26/24 16:47:00,67.15,71.10,47.80,37.48
01/26/24 16:48:00,66.88,70.81,47.68,37.23
01/26/24 16:49:00,66.64,70.64,47.43,37.09
01/26/24 16:50:00,66.52,70.39,47.41,36.98
01/26/24 16:51:00,66.22,70.21,47.15,36.77
01/26/24 16:52:00,66.04,70.01,46.79,36.78
01/26/24 16:53:00,65.80,69.80,46.81,36.58
01/26/24 16:54:00,65.50,69.59,46.42,36.61
01/26/24 16:55:00,65.29,69.41,46.34,36.20
01/26/24 16:56:00,65.06,69.21,46.39,36.54
01/26/24 16:57:00,64.84,68.99,45.97,36.27
01/26/24 16:58:00,64.58,68.76,46.10,36.09
01/26/24 16:59:00,64.39,68.58,45.70,35.84
01/26/24 17:00:00,64.24,68.39,45.84,35.68
01/26/24 17:01:00,64.00,68.20,45.70,35.26
01/26/24 17:02:00,63.79,68.03,45.60,35.66
01/26/24 17:03:00,63.58,67.77,45.50,35.18
01/26/24 17:04:00,63.36,67.64,45.34,35.19
01/26/24 17:05:00,63.13,67.40,45.05,34.99
01/26/24 17:06:00,62.92,67.19,44.88,34.97
01/26/24 17:07:00,62.70,67.04,44.63,34.96
01/26/24 17:08:00,62.49,66.81,44.66,34.98
01/26/24 17:09:00,62.30,66.62,44.42,34.73
01/26/24 17:10:00,62.09,66.41,44.23,34.52
01/26/24 17:11:00,61.85,66.26,44.05,34.50
01/26/24 17:12:00,61.65,66.09,43.62,34.41
01/26/24 17:13:00,61.40,65.89,43.54,34.05
01/26/24 17:14:00,61.21,65.63,43.26,34.02
01/26/24 17:15:00,60.97,65.46,43.14,33.80
01/26/24 17:16:00,60.87,65.19,43.20,33.96
01/26/24 17:17:00,60.62,65.06,42.83,33.93
01/26/24 17:18:00,60.35,64.82,43.06,33.91
01/26/24 17:19:00,60.22,64.63,42.92,33.74
01/26/24 17:20:00,60.05,64.45,42.89,33.59
01/26/24 17:21:00,59.83,64.23,42.56,33.61
01/26/24 17:22:00,59.66,64.07,42.51,33.51
01/26/24 17:23:00,59.47,63.89,42.43,33.49
01/26/24 17:24:00,59.31,63.69,42.25,33.41
01/26/24 17:25:00,59.09,63.51,42.07,33.32
01/26/24 17:26:00,58.88,63.36,41.97,33.25
01/26/24 17:27:00,58.66,63.12,41.79,33.26
01/26/24 17:28:00,58.52,62.92,41.91,33.09
01/26/24 17:29:00,58.34,62.76,41.72,32.98
01/26/24 17:30:00,58.17,62.64,41.59,32.89
01/26/24 17:31:00,58.00,62.47,41.36,32.98
01/26/24 17:32:00,57.78,62.18,41.20,32.78
01/26/24 17:33:00,57.68,62.04,41.16,32.65
01/26/24 17:34:00,57.40,61.86,41.17,32.56
01/26/24 17:35:00,57.24,61.67,40.89,32.64
01/26/24 17:36:00,56.99,61.56,40.80,32.38
01/26/24 17:37:00,56.81,61.31,40.82,32.49
01/26/24 17:38:00,56.68,61.12,40.70,32.29
01/26/24 17:39:00,56.41,61.05,40.36,32.29
01/26/24 17:40:00,56.25,60.85,40.37,32.17
01/26/24 17:41:00,56.06,60.60,40.26,32.13
01/26/24 17:42:00,55.87,60.42,40.12,31.83
01/26/24 17:43:00,55.69,60.29,40.04,32.04
01/26/24 17:44:00,55.54,60.17,40.01,32.06
01/26/24 17:45:00,55.37,59.96,39.77,32.03
01/26/24 17:46:00,55.19,59.81,39.84,31.98
01/26/24 17:47:00,55.03,59.54,39.67,31.72
01/26/24 17:48:00,54.83,59.42,39.57,31.58
01/26/24 17:49:00,54.68,59.20,39.55,31.58
01/26/24 17:50:00,54.56,59.07,39.44,31.48
01/26/24 17:51:00,54.40,58.88,39.20,31.28
01/26/24 17:52:00,54.21,58.67,39.13,31.37
01/26/24 17:53:00,53.94,58.55,39.04,31.16
01/26/24 17:54:00,53.78,58.40,38.88,30.79
01/26/24 17:55:00,53.61,58.23,38.71,31.09
01/26/24 17:56:00,53.46,57.97,38.63,30.80
01/26/24 17:57:00,53.33,57.80,38.42,30.96
01/26/24 17:58:00,53.08,57.65,38.32,30.72
01/26/24 17:59:00,52.92,57.49,38.24,30.71
01/26/24 18:00:00,52.78,57.36,38.02,30.68
01/26/24 18:01:00,52.56,57.16,37.91,30.53
01/26/24 18:02:00,52.43,57.00,37.80,30.45
01/26/24 18:03:00,52.22,56.83,37.77,30.32
01/26/24 18:04:00,52.04,56.65,37.54,30.13
01/26/24 18:05:00,51.88,56.48,37.40,29.90
01/26/24 18:06:00,51.70,56.33,37.36,29.81
01/26/24 18:07:00,51.53,56.14,37.18,29.77
01/26/24 18:08:00,51.46,56.00,37.02,29.64
01/26/24 18:09:00,51.21,55.81,36.77,29.65
01/26/24 18:10:00,51.04,55.70,36.74,29.63
01/26/24 18:11:00,50.94,55.51,36.46,29.59
01/26/24 18:12:00,50.66,55.29,36.22,29.52
01/26/24 18:13:00,50.45,55.14,36.15,29.35
01/26/24 18:14:00,50.31,54.98,36.15,29.15
01/26/24 18:15:00,50.13,54.77,35.89,29.13
01/26/24 18:16:00,49.94,54.61,35.87,28.91
01/26/24 18:17:00,49.81,54.47,35.76,28.86
01/26/24 18:18:00,49.61,54.29,35.59,28.63
01/26/24 18:19:00,49.54,54.10,35.37,28.55
01/26/24 18:20:00,49.27,53.95,35.38,28.45
01/26/24 18:21:00,49.10,53.80,35.23,28.55
01/26/24 18:22:00,48.96,53.61,35.10,28.42
01/26/24 18:23:00,48.85,53.50,34.99,28.39
01/26/24 18:24:00,48.63,53.29,34.95,28.31
01/26/24 18:25:00,48.43,53.12,34.80,28.02
01/26/24 18:26:00,48.27,52.96,34.60,27.98
01/26/24 18:27:00,48.19,52.78,34.53,27.83
01/26/24 18:28:00,47.90,52.70,34.42,27.79
01/26/24 18:29:00,47.78,52.52,34.27,27.82
01/26/24 18:30:00,47.61,52.29,34.20,27.75
01/26/24 18:31:00,47.48,52.15,34.11,27.81
01/26/24 18:32:00,47.29,51.99,34.02,27.72
01/26/24 18:33:00,47.15,51.83,33.85,27.48
01/26/24 18:34:00,46.98,51.64,33.71,27.42
01/26/24 18:35:00,46.82,51.54,33.63,27.33
01/26/24 18:36:00,46.67,51.34,33.47,27.28
01/26/24 18:37:00,46.51,51.19,33.48,27.25
01/26/24 18:38:00,46.39,51.02,33.37,27.29
01/26/24 18:39:00,46.25,50.89,33.34,27.14
01/26/24 18:40:00,46.12,50.74,33.19,27.04
01/26/24 18:41:00,45.90,50.55,33.11,26.88
01/26/24 18:42:00,45.78,50.40,32.97,26.91
01/26/24 18:43:00,45.60,50.28,32.91,26.78
01/26/24 18:44:00,45.47,50.13,32.84,26.77
01/26/24 18:45:00,45.39,49.96,32.67,26.61
01/26/24 18:46:00,45.20,49.79,32.61,26.59
01/26/24 18:47:00,45.01,49.65,32.41,26.69
01/26/24 18:48:00,44.88,49.50,32.34,26.46
01/26/24 18:49:00,44.71,49.34,32.22,26.58
01/26/24 18:50:00,44.57,49.18,32.27,26.62
01/26/24 18:51:00,44.43,49.07,32.11,26.51
01/26/24 18:52:00,44.27,48.93,32.07,26.38
01/26/24 18:53:00,44.14,48.74,31.96,26.42
01/26/24 18:54:00,43.99,48.68,31.85,26.24
01/26/24 18:55:00,43.86,48.49,31.68,26.19
01/26/24 18:56:00,43.74,48.29,31.69,26.10
01/26/24 18:57:00,43.59,48.16,31.51,25.97
01/26/24 18:58:00,43.46,48.06,31.46,25.89
01/26/24 18:59:00,43.35,47.85,31.42,26.01
01/26/24 19:00:00,43.27,47.71,31.34,25.98
01/26/24 19:01:00,43.06,47.63,31.30,25.83
01/26/24 19:02:00,42.92,47.41,31.18,25.59
01/26/24 19:03:00,42.80,47.32,31.00,25.65
01/26/24 19:04:00,42.67,47.16,31.04,25.61
01/26/24 19:05:00,42.51,47.03,30.94,25.55
01/26/24 19:06:00,42.41,46.88,30.78,25.37
01/26/24 19:07:00,42.27,46.73,30.70,25.23
01/26/24 19:08:00,42.16,46.59,30.55,25.17
01/26/24 19:09:00,42.06,46.46,30.50,25.19
01/26/24 19:10:00,41.92,46.34,30.39,25.10
01/26/24 19:11:00,41.78,46.19,30.36,25.17
01/26/24 19:12:00,41.68,46.06,30.30,25.09
01/26/24 19:13:00,41.53,45.89,30.27,25.12
01/26/24 19:14:00,41.37,45.79,30.13,25.10
01/26/24 19:15:00,41.27,45.62,30.12,25.15
01/26/24 19:16:00,41.19,45.53,29.97,25.07
01/26/24 19:17:00,41.05,45.41,30.07,25.04
01/26/24 19:18:00,40.89,45.26,29.86,24.91
01/26/24 19:19:00,40.76,45.12,29.84,24.84
01/26/24 19:20:00,40.68,45.01,29.84,24.74
01/26/24 19:21:00,40.55,44.91,29.66,24.79
01/26/24 19:22:00,40.44,44.71,29.66,24.73
01/26/24 19:23:00,40.29,44.56,29.55,24.80
01/26/24 19:24:00,40.19,44.50,29.47,24.69
01/26/24 19:25:00,40.07,44.37,29.45,24.80
01/26/24 19:26:00,40.04,44.25,29.32,24.69
01/26/24 19:27:00,39.93,44.07,29.26,24.51
01/26/24 19:28:00,39.76,43.99,29.34,24.48
01/26/24 19:29:00,39.70,43.84,29.16,24.38
01/26/24 19:30:00,39.56,43.71,29.08,24.37
01/26/24 19:31:00,39.41,43.60,29.00,24.34
01/26/24 19:32:00,39.30,43.47,28.98,24.30
01/26/24 19:33:00,39.20,43.38,28.86,24.19
01/26/24 19:34:00,39.11,43.25,28.88,24.20
01/26/24 19:35:00,39.00,43.10,28.81,24.11
01/26/24 19:36:00,38.86,42.99,28.75,24.05
01/26/24 19:37:00,38.78,42.91,28.57,24.08
01/26/24 19:38:00,38.65,42.72,28.65,24.13
01/26/24 19:39:00,38.57,42.61,28.37,24.19
01/26/24 19:40:00,38.42,42.51,28.54,24.14
01/26/24 19:41:00,38.39,42.39,28.41,24.16
01/26/24 19:42:00,38.22,42.24,28.42,24.10
01/26/24 19:43:00,38.14,42.15,28.29,24.21
01/26/24 19:44:00,38.04,42.03,28.34,24.19
01/26/24 19:45:00,37.88,41.94,28.26,24.17
01/26/24 19:46:00,37.89,41.81,28.25,24.27
01/26/24 19:47:00,37.72,41.76,28.35,24.30
01/26/24 19:48:00,37.62,41.59,28.21,24.32
01/26/24 19:49:00,37.53,41.50,28.34,24.31
01/26/24 19:50:00,37.43,41.35,28.19,24.40
01/26/24 19:51:00,37.31,41.23,28.30,24.32
01/26/24 19:52:00,37.24,41.14,28.17,24.25
01/26/24 19:53:00,37.17,41.02,28.14,24.37
01/26/24 19:54:00,37.06,40.92,28.13,24.35
01/26/24 19:55:00,36.98,40.82,28.24,24.34
01/26/24 19:56:00,36.88,40.71,28.10,24.24
01/26/24 19:57:00,36.77,40.62,28.12,24.38
01/26/24 19:58:00,36.70,40.52,28.13,24.40
01/26/24 19:59:00,36.70,40.47,28.12,24.34
01/26/24 20:00:00,36.52,40.28,27.96,24.40
01/26/24 20:01:00,36.47,40.17,28.04,24.37
01/26/24 20:02:00,36.44,40.10,27.95,24.44
01/26/24 20:03:00,36.28,40.01,27.97,24.41
01/26/24 20:04:00,36.23,39.88,27.87,24.29
01/26/24 20:05:00,36.12,39.86,27.94,24.31
01/26/24 20:06:00,36.07,39.71,27.88,24.25
01/26/24 20:07:00,35.98,39.59,27.81,24.25
01/26/24 20:08:00,35.98,39.51,27.83,24.16
01/26/24 20:09:00,35.83,39.42,27.88,24.30
01/26/24 20:10:00,35.71,39.34,27.83,24.11
01/26/24 20:11:00,35.73,39.22,27.69,24.21
01/26/24 20:12:00,35.51,39.13,27.69,24.18
01/26/24 20:13:00,35.53,39.00,27.67,24.27
01/26/24 20:14:00,35.46,38.91,27.58,24.25
01/26/24 20:15:00,35.29,38.82,27.58,24.20
01/26/24 20:16:00,35.22,38.72,27.59,24.15
01/26/24 20:17:00,35.23,38.63,27.52,24.11
01/26/24 20:18:00,35.08,38.57,27.45,24.16
01/26/24 20:19:00,35.00,38.46,27.44,24.13
01/26/24 20:20:00,34.94,38.42,27.40,24.22
01/26/24 20:21:00,34.86,38.29,27.44,24.21
01/26/24 20:22:00,34.78,38.18,27.34,24.21
01/26/24 20:23:00,34.81,38.09,27.31,24.12
01/26/24 20:24:00,34.75,38.01,27.36,24.10
01/26/24 20:25:00,34.58,37.92,27.28,24.00
01/26/24 20:26:00,34.52,37.84,27.27,23.95
01/26/24 20:27:00,34.45,37.75,27.19,24.04
01/26/24 20:28:00,34.37,37.67,27.26,23.99
01/26/24 20:29:00,34.31,37.58,27.14,24.01
01/26/24 20:30:00,34.30,37.49,27.10,23.95
01/26/24 20:31:00,34.16,37.42,27.10,23.91
01/26/24 20:32:00,34.13,37.31,27.03,23.82
01/26/24 20:33:00,34.02,37.25,26.98,23.79
01/26/24 20:34:00,33.98,37.17,26.96,23.78
01/26/24 20:35:00,33.99,37.04,26.86,23.82
01/26/24 20:36:00,33.86,37.00,26.87,23.74
01/26/24 20:37:00,33.77,37.00,26.84,23.81
01/26/24 20:38:00,33.71,36.85,26.84,23.79
01/26/24 20:39:00,33.60,36.76,26.78,23.80
01/26/24 20:40:00,33.64,36.67,26.72,23.75
01/26/24 20:41:00,33.55,36.58,26.68,23.72
01/26/24 20:42:00,33.44,36.49,26.64,23.74
01/26/24 20:43:00,33.38,36.48,26.54,23.62
01/26/24 20:44:00,33.30,36.35,26.53,23.62
01/26/24 20:45:00,33.24,36.25,26.53,23.63
01/26/24 20:46:00,33.17,36.22,26.47,23.55
01/26/24 20:47:00,33.11,36.14,26.48,23.50
01/26/24 20:48:00,33.13,36.06,26.41,23.43
01/26/24 20:49:00,33.00,35.99,26.36,23.37
01/26/24 20:50:00,32.97,35.90,26.34,23.42
01/26/24 20:51:00,32.87,35.83,26.31,23.41
01/26/24 20:52:00,32.80,35.80,26.26,23.37
01/26/24 20:53:00,32.73,35.69,26.28,23.35
01/26/24 20:54:00,32.75,35.60,26.13,23.36
01/26/24 20:55:00,32.66,35.62,26.22,23.27
01/26/24 20:56:00,32.53,35.46,26.10,23.20
01/26/24 20:57:00,32.45,35.38,26.04,23.20
01/26/24 20:58:00,32.45,35.32,26.01,23.22
01/26/24 20:59:00,32.36,35.26,25.97,23.27
01/26/24 21:00:00,32.31,35.16,25.92,23.22
01/26/24 21:01:00,32.30,35.09,25.89,23.26
01/26/24 21:02:00,32.21,35.05,25.89,23.20
01/26/24 21:03:00,32.13,34.94,25.86,23.10
01/26/24 21:04:00,32.05,34.88,25.89,23.09
01/26/24 21:05:00,32.01,34.82,25.79,23.04
01/26/24 21:06:00,32.02,34.71,25.73,23.10
01/26/24 21:07:00,31.92,34.65,25.68,23.05
01/26/24 21:08:00,31.84,34.58,25.67,23.10
01/26/24 21:09:00,31.79,34.50,25.69,23.06
01/26/24 21:10:00,31.70,34.50,25.61,22.93
01/26/24 21:11:00,31.72,34.41,25.59,23.09
01/26/24 21:12:00,31.64,34.33,25.52,22.85
01/26/24 21:13:00,31.57,34.27,25.46,22.88
01/26/24 21:14:00,31.51,34.18,25.44,22.77
01/26/24 21:15:00,31.48,34.13,25.39,22.77
01/26/24 21:16:00,31.38,34.05,25.43,22.74
01/26/24 21:17:00,31.34,34.02,25.27,22.69
01/26/24 21:18:00,31.36,33.92,25.39,22.67
01/26/24 21:19:00,31.24,33.87,25.27,22.67
01/26/24 21:20:00,31.21,33.83,25.18,22.61
01/26/24 21:21:00,31.19,33.73,25.20,22.62
01/26/24 21:22:00,31.08,33.65,25.15,22.65
01/26/24 21:23:00,31.07,33.60,25.08,22.60
01/26/24 21:24:00,31.01,33.52,25.08,22.63
01/26/24 21:25:00,30.90,33.47,25.05,22.69
01/26/24 21:26:00,30.85,33.41,25.01,22.68
01/26/24 21:27:00,30.88,33.34,25.04,22.69
01/26/24 21:28:00,29.77,35.32,24.98,22.73
01/26/24 21:29:00,30.66,33.30,24.99,22.79
01/26/24 21:30:00,30.68,33.18,24.96,22.73
01/26/24 21:31:00,30.58,33.09,24.98,22.70
01/26/24 21:32:00,30.52,33.04,24.93,22.67
01/26/24 21:33:00,30.47,33.08,24.92,22.61
01/26/24 21:34:00,30.44,32.90,25.00,22.62
01/26/24 21:35:00,30.36,32.85,24.87,22.57
01/26/24 21:36:00,30.31,32.80,24.83,22.65
01/26/24 21:37:00,30.36,32.74,24.85,22.59
01/26/24 21:38:00,30.24,32.67,24.88,22.62
01/26/24 21:39:00,30.17,32.61,24.85,22.68
01/26/24 21:40:00,30.22,32.64,24.76,22.68
01/26/24 21:41:00,30.12,32.51,24.74,22.56
01/26/24 21:42:00,30.04,32.45,24.72,22.59
01/26/24 21:43:00,29.97,32.41,24.80,22.54
01/26/24 21:44:00,29.95,32.36,24.66,22.49
01/26/24 21:45:00,29.92,32.28,24.68,22.45
01/26/24 21:46:00,29.84,32.25,24.65,22.42
01/26/24 21:47:00,29.80,32.21,24.61,22.41
01/26/24 21:48:00,29.84,32.12,24.60,22.45
01/26/24 21:49:00,29.83,32.06,24.56,22.38
01/26/24 21:50:00,29.68,31.99,24.52,22.43
01/26/24 21:51:00,29.63,31.95,24.47,22.37
01/26/24 21:52:00,29.58,31.90,24.47,22.39
01/26/24 21:53:00,29.55,31.86,24.46,22.34
01/26/24 21:54:00,29.50,31.78,24.41,22.35
01/26/24 21:55:00,29.43,31.73,24.43,22.36
01/26/24 21:56:00,29.43,31.68,24.38,22.44
01/26/24 21:57:00,29.34,31.69,24.36,22.45
01/26/24 21:58:00,29.35,31.58,24.35,22.36
01/26/24 21:59:00,29.26,31.51,24.30,22.39
01/26/24 22:00:00,29.21,31.45,24.29,22.39
01/26/24 22:01:00,29.21,31.40,24.30,22.33
01/26/24 22:02:00,29.13,31.37,24.28,22.34
01/26/24 22:03:00,29.09,31.31,24.21,22.33
01/26/24 22:04:00,29.05,31.30,24.25,22.33
01/26/24 22:05:00,29.02,31.20,24.21,22.25
01/26/24 22:06:00,28.97,31.16,24.26,22.21
01/26/24 22:07:00,28.90,31.08,24.15,22.25
01/26/24 22:08:00,28.89,31.03,24.11,22.26
01/26/24 22:09:00,28.89,30.99,24.13,22.27
01/26/24 22:10:00,28.85,30.93,24.07,22.23
01/26/24 22:11:00,28.72,30.88,24.06,22.20
01/26/24 22:12:00,28.72,30.83,24.07,22.20
01/26/24 22:13:00,28.67,30.79,24.03,22.13
01/26/24 22:14:00,28.65,30.80,24.02,22.11
01/26/24 22:15:00,28.60,30.71,24.00,22.17
01/26/24 22:16:00,28.54,30.64,23.95,22.08
01/26/24 22:17:00,28.52,30.57,23.93,22.04
01/26/24 22:18:00,28.49,30.57,23.90,21.95
01/26/24 22:19:00,28.43,30.50,23.88,21.94
01/26/24 22:20:00,28.40,30.45,23.80,21.88
01/26/24 22:21:00,28.40,30.41,23.73,21.86
01/26/24 22:22:00,28.34,30.37,23.73,21.82
01/26/24 22:23:00,28.29,30.34,23.64,21.78
01/26/24 22:24:00,28.21,30.27,23.62,21.74
01/26/24 22:25:00,28.19,30.24,23.56,21.64
01/26/24 22:26:00,28.17,30.18,23.51,21.50
01/26/24 22:27:00,28.12,30.16,23.44,21.44
01/26/24 22:28:00,28.06,30.14,23.31,21.37
01/26/24 22:29:00,28.02,30.03,23.24,21.29
01/26/24 22:30:00,28.08,30.05,23.18,21.23
01/26/24 22:31:00,27.98,29.97,23.08,21.14
01/26/24 22:32:00,27.92,29.92,23.04,21.11
01/26/24 22:33:00,27.85,29.84,22.95,21.03
01/26/24 22:34:00,27.84,29.83,22.88,20.98
01/26/24 22:35:00,27.83,29.73,22.76,20.89
01/26/24 22:36:00,27.86,29.71,22.71,20.88
01/26/24 22:37:00,27.77,29.68,22.72,20.82
01/26/24 22:38:00,27.71,29.61,22.63,20.74
01/26/24 22:39:00,27.62,29.55,22.50,20.75
01/26/24 22:40:00,27.59,29.54,22.44,20.66
01/26/24 22:41:00,27.54,29.49,22.43,20.63
01/26/24 22:42:00,27.50,29.45,22.35,20.54
01/26/24 22:43:00,27.44,29.46,22.33,20.48
01/26/24 22:44:00,27.41,29.33,22.22,20.43
01/26/24 22:45:00,27.39,29.29,22.17,20.46
01/26/24 22:46:00,27.29,29.26,22.10,20.38
01/26/24 22:47:00,27.37,29.19,22.11,20.34
01/26/24 22:48:00,27.25,29.15,21.99,20.30
01/26/24 22:49:00,27.19,29.12,21.93,20.24
01/26/24 22:50:00,27.19,29.07,21.89,20.20
01/26/24 22:51:00,27.13,29.07,21.86,20.18
01/26/24 22:52:00,27.18,29.01,21.87,20.20
01/26/24 22:53:00,27.04,28.92,21.90,20.13
01/26/24 22:54:00,27.00,28.87,21.82,20.13
01/26/24 22:55:00,26.97,28.84,21.79,20.22
01/26/24 22:56:00,26.92,28.87,21.76,20.17
01/26/24 22:57:00,26.96,28.75,21.81,20.17
01/26/24 22:58:00,26.84,28.74,21.73,20.15
01/26/24 22:59:00,26.81,28.65,21.73,20.27
01/26/24 23:00:00,26.77,28.63,21.72,20.25
01/26/24 23:01:00,26.72,28.56,21.67,20.24
01/26/24 23:02:00,26.68,28.53,21.74,20.27
01/26/24 23:03:00,26.62,28.54,21.71,20.33
01/26/24 23:04:00,26.68,28.47,21.72,20.36
01/26/24 23:05:00,26.57,28.39,21.71,20.40
01/26/24 23:06:00,26.57,28.35,21.72,20.53
01/26/24 23:07:00,26.54,28.31,21.81,20.44
01/26/24 23:08:00,26.57,28.29,21.77,20.45
01/26/24 23:09:00,26.44,28.24,21.77,20.60
01/26/24 23:10:00,26.39,28.21,21.82,20.50
01/26/24 23:11:00,26.37,28.16,21.84,20.61
01/26/24 23:12:00,26.33,28.09,21.80,20.59
01/26/24 23:13:00,26.32,28.08,21.86,20.55
01/26/24 23:14:00,26.27,28.04,21.85,20.57
01/26/24 23:15:00,26.33,27.98,21.86,20.62
01/26/24 23:16:00,26.20,27.95,21.83,20.63
01/26/24 23:17:00,26.18,27.90,21.86,20.66
01/26/24 23:18:00,26.18,27.87,21.88,20.63
01/26/24 23:19:00,26.12,27.86,21.90,20.68
01/26/24 23:20:00,26.09,27.81,21.90,20.68
01/26/24 23:21:00,26.14,27.77,21.91,20.70
01/26/24 23:22:00,26.08,27.75,21.89,20.67
01/26/24 23:23:00,26.01,27.71,21.95,20.69
01/26/24 23:24:00,25.99,27.63,21.93,20.74
01/26/24 23:25:00,25.97,27.61,21.92,20.72
01/26/24 23:26:00,25.94,27.59,21.92,20.75
01/26/24 23:27:00,25.92,27.56,21.95,20.71
01/26/24 23:28:00,25.93,27.48,21.96,20.72
01/26/24 23:29:00,25.85,27.48,21.97,20.77
01/26/24 23:30:00,25.81,27.47,22.05,20.77
01/26/24 23:31:00,25.83,27.39,22.02,20.86
01/26/24 23:32:00,25.78,27.43,22.00,20.88
01/26/24 23:33:00,25.75,27.34,21.96,20.81
01/26/24 23:34:00,25.72,27.29,22.00,20.87
01/26/24 23:35:00,25.72,27.26,21.92,20.79
01/26/24 23:36:00,25.68,27.24,22.00,20.84
01/26/24 23:37:00,25.63,27.20,21.99,20.87
01/26/24 23:38:00,25.67,27.15,21.96,20.88
01/26/24 23:39:00,25.65,27.21,21.98,20.88
01/26/24 23:40:00,25.58,27.08,22.02,20.91
01/26/24 23:41:00,25.52,27.07,21.99,20.88
01/26/24 23:42:00,25.56,27.04,22.01,20.89
01/26/24 23:43:00,25.54,27.01,22.00,20.90
01/26/24 23:44:00,25.51,26.98,21.98,20.88
01/26/24 23:45:00,25.47,26.97,22.04,20.82
01/26/24 23:46:00,25.47,26.94,21.98,20.86
01/26/24 23:47:00,25.40,26.92,22.00,20.93
01/26/24 23:48:00,25.40,26.85,21.99,20.91
01/26/24 23:49:00,25.42,26.83,21.93,20.93
01/26/24 23:50:00,25.33,26.78,21.97,20.93
01/26/24 23:51:00,25.39,26.75,21.97,20.94
01/26/24 23:52:00,25.29,26.73,21.97,20.93
01/26/24 23:53:00,25.27,26.67,21.96,20.86
01/26/24 23:54:00,25.32,26.68,21.93,20.84
01/26/24 23:55:00,25.25,26.65,21.90,20.90
01/26/24 23:56:00,25.25,26.67,21.93,20.81
01/26/24 23:57:00,25.16,26.60,21.91,20.83
01/26/24 23:58:00,25.16,26.57,21.85,20.79
01/26/24 23:59:00,25.12,26.58,21.86,20.90
01/27/24 00:00:00,25.14,26.48,21.82,20.82
01/27/24 00:01:00,25.09,26.45,21.81,20.85
01/27/24 00:02:00,25.08,26.52,21.79,20.82
01/27/24 00:03:00,25.04,26.42,21.84,20.85
01/27/24 00:04:00,25.01,26.43,21.83,20.79
01/27/24 00:05:00,24.99,26.33,21.81,20.87
01/27/24 00:06:00,24.97,26.33,21.80,20.82
01/27/24 00:07:00,24.97,26.31,21.87,20.84
01/27/24 00:08:00,24.94,26.30,21.81,20.81
01/27/24 00:09:00,24.95,26.24,21.79,20.77
01/27/24 00:10:00,24.95,26.22,21.73,20.76
01/27/24 00:11:00,24.89,26.16,21.79,20.68
01/27/24 00:12:00,24.86,26.13,21.71,20.67
01/27/24 00:13:00,24.85,26.17,21.69,20.64
01/27/24 00:14:00,24.82,26.11,21.68,20.61
01/27/24 00:15:00,24.80,26.07,21.73,20.61
01/27/24 00:16:00,24.76,26.04,21.63,20.54
01/27/24 00:17:00,24.77,26.02,21.67,20.53
01/27/24 00:18:00,24.71,25.99,21.63,20.55
01/27/24 00:19:00,24.71,25.97,21.55,20.52
01/27/24 00:20:00,24.66,26.00,21.55,20.50
01/27/24 00:21:00,24.71,25.91,21.51,20.53
01/27/24 00:22:00,24.70,25.88,21.46,20.53
01/27/24 00:23:00,24.59,25.83,21.44,20.46
01/27/24 00:24:00,24.58,25.87,21.46,20.50
01/27/24 00:25:00,24.59,25.78,21.41,20.42
01/27/24 00:26:00,24.59,25.78,21.39,20.42
01/27/24 00:27:00,24.52,25.76,21.38,20.48
01/27/24 00:28:00,24.51,25.73,21.39,20.46
01/27/24 00:29:00,24.46,25.70,21.33,20.46
01/27/24 00:30:00,24.50,25.66,21.42,20.47
01/27/24 00:31:00,24.47,25.66,21.33,20.55
01/27/24 00:32:00,24.45,25.65,21.30,20.57
01/27/24 00:33:00,24.39,25.60,21.33,20.47
01/27/24 00:34:00,24.35,25.56,21.38,20.53
01/27/24 00:35:00,24.37,25.61,21.31,20.50
01/27/24 00:36:00,24.37,25.50,21.36,20.59
01/27/24 00:37:00,24.30,25.50,21.32,20.56
01/27/24 00:38:00,24.29,25.45,21.28,20.55
01/27/24 00:39:00,24.26,25.43,21.30,20.50
01/27/24 00:40:00,24.28,25.38,21.33,20.46
01/27/24 00:41:00,24.20,25.39,21.30,20.48
01/27/24 00:42:00,24.21,25.38,21.26,20.39
01/27/24 00:43:00,24.25,25.33,21.23,20.42
01/27/24 00:44:00,24.16,25.33,21.32,20.28
01/27/24 00:45:00,24.13,25.31,21.22,20.20
01/27/24 00:46:00,24.12,25.28,21.17,20.13
01/27/24 00:47:00,24.12,25.23,21.09,20.10
01/27/24 00:48:00,24.11,25.26,21.13,20.08
01/27/24 00:49:00,24.07,25.21,20.98,20.00
01/27/24 00:50:00,24.05,25.18,20.96,19.85
01/27/24 00:51:00,24.11,25.13,20.93,19.78
01/27/24 00:52:00,24.05,25.13,20.89,19.73
01/27/24 00:53:00,24.09,25.10,20.78,19.73
01/27/24 00:54:00,23.99,25.08,20.83,19.58
01/27/24 00:55:00,23.97,25.04,20.63,19.54
01/27/24 00:56:00,23.96,25.04,20.61,19.49
01/27/24 00:57:00,23.93,25.02,20.56,19.45
01/27/24 00:58:00,23.86,25.00,20.51,19.40
01/27/24 00:59:00,23.86,24.94,20.44,19.34
01/27/24 01:00:00,23.86,24.95,20.41,19.33
01/27/24 01:01:00,23.78,24.93,20.39,19.30
01/27/24 01:02:00,23.80,24.97,20.27,19.27
01/27/24 01:03:00,23.74,24.89,20.28,19.19
01/27/24 01:04:00,23.72,24.91,20.28,19.19
01/27/24 01:05:00,23.69,24.82,20.30,19.15
01/27/24 01:06:00,23.65,24.81,20.15,19.14
01/27/24 01:07:00,23.75,24.74,20.13,19.13
01/27/24 01:08:00,23.63,24.74,20.17,19.15
01/27/24 01:09:00,23.67,24.71,20.07,19.15
01/27/24 01:10:00,23.56,24.74,20.03,19.14
01/27/24 01:11:00,23.56,24.65,20.01,19.06
01/27/24 01:12:00,23.55,24.64,19.99,19.05
01/27/24 01:13:00,23.49,24.63,19.96,19.07
01/27/24 01:14:00,23.48,24.61,19.91,19.06
01/27/24 01:15:00,23.44,24.52,19.97,19.01
01/27/24 01:16:00,23.42,24.62,19.91,19.09
01/27/24 01:17:00,23.40,24.57,19.89,18.98
01/27/24 01:18:00,23.39,24.51,19.90,18.98
01/27/24 01:19:00,23.35,24.46,19.88,18.98
01/27/24 01:20:00,23.35,24.45,19.85,18.91
01/27/24 01:21:00,23.32,24.40,19.85,18.88
01/27/24 01:22:00,23.26,24.38,19.82,18.86
01/27/24 01:23:00,23.34,24.38,19.81,18.86
01/27/24 01:24:00,23.26,24.33,19.85,18.90
01/27/24 01:25:00,23.23,24.37,19.78,18.79
01/27/24 01:26:00,23.21,24.31,19.75,18.81
01/27/24 01:27:00,23.17,24.26,19.73,18.80
01/27/24 01:28:00,23.17,24.28,19.67,18.75
01/27/24 01:29:00,23.17,24.23,19.67,18.71
01/27/24 01:30:00,23.11,24.24,19.71,18.71
01/27/24 01:31:00,23.10,24.17,19.61,18.63
01/27/24 01:32:00,23.09,24.17,19.59,18.59
01/27/24 01:33:00,23.07,24.15,19.58,18.59
01/27/24 01:34:00,23.04,24.16,19.53,18.58
01/27/24 01:35:00,23.10,24.07,19.52,18.56
01/27/24 01:36:00,22.98,24.06,19.51,18.52
01/27/24 01:37:00,23.00,24.03,19.45,18.52
01/27/24 01:38:00,22.96,24.00,19.48,18.51
01/27/24 01:39:00,22.96,24.00,19.42,18.49
01/27/24 01:40:00,23.02,23.98,19.39,18.48
01/27/24 01:41:00,22.90,23.95,19.42,18.45
01/27/24 01:42:00,22.94,23.95,19.48,18.44
01/27/24 01:43:00,22.83,23.91,19.37,18.42
01/27/24 01:44:00,22.82,23.94,19.32,18.43
01/27/24 01:45:00,22.88,23.83,19.37,18.40
01/27/24 01:46:00,22.80,23.82,19.30,18.35
01/27/24 01:47:00,22.83,23.78,19.29,18.42
01/27/24 01:48:00,22.80,23.77,19.27,18.34
01/27/24 01:49:00,22.73,23.74,19.25,18.28
01/27/24 01:50:00,22.71,23.82,19.23,18.29
01/27/24 01:51:00,22.70,23.71,19.17,18.26
01/27/24 01:52:00,22.68,23.67,19.28,18.28
01/27/24 01:53:00,22.70,23.66,19.19,18.28
01/27/24 01:54:00,22.64,23.62,19.15,18.32
01/27/24 01:55:00,22.59,23.59,19.17,18.29
01/27/24 01:56:00,22.59,23.59,19.15,18.30
01/27/24 01:57:00,22.52,23.64,19.16,18.26
01/27/24 01:58:00,22.54,23.54,19.18,18.27
01/27/24 01:59:00,22.51,23.51,19.12,18.23
01/27/24 02:00:00,22.58,23.50,19.12,18.28
01/27/24 02:01:00,22.47,23.46,19.13,18.21
01/27/24 02:02:00,22.45,23.46,19.16,18.21
01/27/24 02:03:00,22.44,23.42,19.07,18.26
01/27/24 02:04:00,22.43,23.43,19.18,18.22
01/27/24 02:05:00,22.42,23.40,19.07,18.20
01/27/24 02:06:00,22.34,23.37,19.08,18.22
01/27/24 02:07:00,22.34,23.34,19.05,18.27
01/27/24 02:08:00,22.31,23.39,19.08,18.33
01/27/24 02:09:00,22.39,23.29,19.04,18.28
01/27/24 02:10:00,22.32,23.27,19.05,18.31
01/27/24 02:11:00,22.25,23.26,19.10,18.28
01/27/24 02:12:00,22.27,23.19,19.07,18.33
01/27/24 02:13:00,22.23,23.23,19.09,18.35
01/27/24 02:14:00,22.22,23.19,19.11,18.42
01/27/24 02:15:00,22.21,23.19,19.09,18.44
01/27/24 02:16:00,22.26,23.13,19.18,18.50
01/27/24 02:17:00,22.16,23.12,19.17,18.54
01/27/24 02:18:00,22.21,23.15,19.20,18.56
01/27/24 02:19:00,22.19,23.06,19.24,18.62
01/27/24 02:20:00,22.20,23.13,19.26,18.68
01/27/24 02:21:00,22.10,23.08,19.34,18.70
01/27/24 02:22:00,22.16,23.05,19.33,18.75
01/27/24 02:23:00,22.08,23.01,19.34,18.81
01/27/24 02:24:00,22.03,23.03,19.37,18.84
01/27/24 02:25:00,22.07,23.05,19.38,18.80
01/27/24 02:26:00,22.03,22.96,19.42,18.81
01/27/24 02:27:00,22.00,22.95,19.49,18.84
01/27/24 02:28:00,22.00,22.93,19.44,18.81
01/27/24 02:29:00,22.02,22.92,19.45,18.84
01/27/24 02:30:00,22.00,22.90,19.44,18.90
01/27/24 02:31:00,22.00,22.88,19.46,18.83
01/27/24 02:32:00,21.96,22.87,19.45,18.80
01/27/24 02:33:00,21.99,22.83,19.53,18.76
01/27/24 02:34:00,21.98,22.82,19.47,18.82
01/27/24 02:35:00,21.99,22.80,19.46,18.69
01/27/24 02:36:00,21.93,22.79,19.46,18.72
01/27/24 02:37:00,21.92,22.77,19.42,18.71
01/27/24 02:38:00,21.89,22.76,19.43,18.69
01/27/24 02:39:00,21.89,22.74,19.41,18.70
01/27/24 02:40:00,21.87,22.73,19.40,18.77
01/27/24 02:41:00,21.86,22.76,19.43,18.70
01/27/24 02:42:00,21.89,22.67,19.38,18.69
01/27/24 02:43:00,21.93,22.71,19.38,18.75
01/27/24 02:44:00,21.84,22.65,19.46,18.76
01/27/24 02:45:00,21.83,22.62,19.42,18.83
01/27/24 02:46:00,21.82,22.62,19.45,18.85
01/27/24 02:47:00,21.84,22.59,19.52,18.97
01/27/24 02:48:00,21.83,22.62,19.50,18.88
01/27/24 02:49:00,21.76,22.58,19.48,18.95
01/27/24 02:50:00,21.77,22.57,19.52,19.02
01/27/24 02:51:00,21.76,22.55,19.54,19.05
01/27/24 02:52:00,21.84,22.54,19.54,19.10
01/27/24 02:53:00,21.73,22.55,19.60,19.11
01/27/24 02:54:00,21.70,22.58,19.66,19.17
01/27/24 02:55:00,21.69,22.52,19.67,19.17
01/27/24 02:56:00,21.70,22.48,19.64,19.21
01/27/24 02:57:00,21.69,22.43,19.65,19.26
01/27/24 02:58:00,21.69,22.42,19.69,19.27
01/27/24 02:59:00,21.67,22.40,19.66,19.25
01/27/24 03:00:00,21.66,22.40,19.80,19.26
01/27/24 03:01:00,21.65,22.42,19.83,19.32
01/27/24 03:02:00,21.63,22.38,19.76,19.37
01/27/24 03:03:00,21.62,22.35,19.81,19.35
01/27/24 03:04:00,21.64,22.36,19.80,19.39
01/27/24 03:05:00,21.59,22.34,19.81,19.35
01/27/24 03:06:00,21.61,22.32,19.89,19.39
01/27/24 03:07:00,21.64,22.32,19.87,19.50
01/27/24 03:08:00,21.71,22.34,19.89,19.41
01/27/24 03:09:00,21.57,22.29,19.87,19.44
01/27/24 03:10:00,21.58,22.29,19.96,19.45
01/27/24 03:11:00,21.57,22.25,19.88,19.45
01/27/24 03:12:00,21.65,22.26,19.92,19.45
01/27/24 03:13:00,21.64,22.23,19.90,19.43
01/27/24 03:14:00,21.59,22.21,19.92,19.45
01/27/24 03:15:00,21.57,22.22,19.96,19.49
01/27/24 03:16:00,21.54,22.22,19.95,19.47
01/27/24 03:17:00,21.58,22.19,19.93,19.48
01/27/24 03:18:00,21.58,22.17,19.96,19.46
01/27/24 03:19:00,21.56,22.14,19.96,19.49
01/27/24 03:20:00,21.56,22.15,19.97,19.50
01/27/24 03:21:00,21.51,22.13,19.94,19.52
01/27/24 03:22:00,21.51,22.12,19.97,19.48
01/27/24 03:23:00,21.57,22.20,19.94,19.46
01/27/24 03:24:00,21.50,22.14,20.05,19.47
01/27/24 03:25:00,21.51,22.11,19.97,19.48
01/27/24 03:26:00,21.47,22.09,19.96,19.49
01/27/24 03:27:00,21.49,22.10,20.03,19.45
01/27/24 03:28:00,21.49,22.09,20.00,19.50
01/27/24 03:29:00,21.53,22.06,19.95,19.43
01/27/24 03:30:00,21.48,22.11,20.00,19.40
01/27/24 03:31:00,21.47,22.04,19.99,19.38
01/27/24 03:32:00,21.46,22.03,19.92,19.50
01/27/24 03:33:00,21.45,22.02,19.96,19.42
01/27/24 03:34:00,21.45,22.00,19.94,19.45
01/27/24 03:35:00,21.43,21.98,19.93,19.43
01/27/24 03:36:00,21.44,21.97,19.93,19.42
01/27/24 03:37:00,21.41,21.96,19.93,19.41
01/27/24 03:38:00,21.44,21.95,19.92,19.42
01/27/24 03:39:00,21.41,21.96,19.93,19.41
01/27/24 03:40:00,21.42,21.96,19.93,19.51
01/27/24 03:41:00,21.44,21.96,19.95,19.42
01/27/24 03:42:00,21.39,21.92,19.90,19.42
01/27/24 03:43:00,21.45,21.91,19.91,19.41
01/27/24 03:44:00,21.36,21.90,19.92,19.40
01/27/24 03:45:00,21.38,21.88,19.90,19.46
01/27/24 03:46:00,21.40,21.91,19.94,19.45
01/27/24 03:47:00,21.36,21.90,19.91,19.43
01/27/24 03:48:00,21.37,21.89,19.89,19.44
01/27/24 03:49:00,21.43,21.96,19.90,19.44
01/27/24 03:50:00,21.34,21.88,19.91,19.46
01/27/24 03:51:00,21.34,21.87,19.91,19.49
01/27/24 03:52:00,21.41,21.83,19.93,19.53
01/27/24 03:53:00,21.37,21.84,19.95,19.51
01/27/24 03:54:00,21.34,21.83,19.99,19.49
01/27/24 03:55:00,21.34,21.79,19.99,19.54
01/27/24 03:56:00,21.34,21.81,19.93,19.50
01/27/24 03:57:00,21.35,21.82,19.94,19.51
01/27/24 03:58:00,21.33,21.80,19.98,19.51
01/27/24 03:59:00,21.29,21.80,19.93,19.55
01/27/24 04:00:00,21.30,21.78,19.97,19.52
01/27/24 04:01:00,21.34,21.73,19.99,19.52
01/27/24 04:02:00,21.30,21.75,19.93,19.54
01/27/24 04:03:00,21.34,21.75,19.94,19.60
01/27/24 04:04:00,21.33,21.73,20.03,19.52
01/27/24 04:05:00,21.31,21.72,19.94,19.51
01/27/24 04:06:00,21.33,21.73,19.93,19.50
01/27/24 04:07:00,21.24,21.71,19.92,19.49
01/27/24 04:08:00,21.27,21.71,19.98,19.52
01/27/24 04:09:00,21.26,21.68,19.92,19.56
01/27/24 04:10:00,21.30,21.68,19.90,19.49
01/27/24 04:11:00,21.28,21.69,19.93,19.53
01/27/24 04:12:00,21.25,21.68,19.91,19.52
01/27/24 04:13:00,21.22,21.67,19.92,19.54
01/27/24 04:14:00,21.23,21.66,19.99,19.53
01/27/24 04:15:00,21.20,21.68,19.92,19.54
01/27/24 04:16:00,21.23,21.64,19.90,19.55
01/27/24 04:17:00,21.26,21.62,19.96,19.56
01/27/24 04:18:00,21.20,21.68,19.94,19.57
01/27/24 04:19:00,21.26,21.65,19.95,19.58
01/27/24 04:20:00,21.27,21.64,19.93,19.59
01/27/24 04:21:00,21.18,21.61,19.97,19.61
01/27/24 04:22:00,21.16,21.58,20.00,19.58
01/27/24 04:23:00,21.19,21.58,19.96,19.58
01/27/24 04:24:00,21.18,21.58,19.97,19.62
01/27/24 04:25:00,21.17,21.58,19.94,19.62
01/27/24 04:26:00,21.17,21.59,19.99,19.62
01/27/24 04:27:00,21.23,21.59,19.98,19.60
01/27/24 04:28:00,21.19,21.62,20.04,19.63
01/27/24 04:29:00,21.17,21.57,19.97,19.65
01/27/24 04:30:00,21.20,21.55,19.98,19.61
01/27/24 04:31:00,21.15,21.53,20.06,19.62
01/27/24 04:32:00,21.16,21.52,20.00,19.63
01/27/24 04:33:00,21.22,21.54,19.97,19.64
01/27/24 04:34:00,21.16,21.51,20.03,19.66
01/27/24 04:35:00,21.15,21.52,20.03,19.67
01/27/24 04:36:00,21.19,21.46,20.00,19.64
01/27/24 04:37:00,21.11,21.51,20.05,19.75
01/27/24 04:38:00,21.15,21.50,20.01,19.66
01/27/24 04:39:00,21.14,21.49,20.00,19.67
01/27/24 04:40:00,21.14,21.48,20.03,19.68
01/27/24 04:41:00,21.12,21.54,20.05,19.72
01/27/24 04:42:00,21.10,21.49,20.02,19.73
01/27/24 04:43:00,21.08,21.48,20.02,19.67
01/27/24 04:44:00,21.19,21.49,20.04,19.71
01/27/24 04:45:00,21.12,21.48,20.04,19.69
01/27/24 04:46:00,21.12,21.46,20.04,19.65
01/27/24 04:47:00,21.12,21.45,20.03,19.61
01/27/24 04:48:00,21.07,21.42,20.03,19.71
01/27/24 04:49:00,21.09,21.44,20.01,19.71
01/27/24 04:50:00,21.09,21.45,20.03,19.70
01/27/24 04:51:00,21.10,21.42,20.03,19.57
01/27/24 04:52:00,21.09,21.42,20.00,19.61
01/27/24 04:53:00,21.16,21.45,20.01,19.65
01/27/24 04:54:00,21.15,21.40,19.98,19.58
01/27/24 04:55:00,21.09,21.40,20.01,19.59
01/27/24 04:56:00,21.08,21.42,19.99,19.56
01/27/24 04:57:00,21.07,21.37,19.95,19.56
01/27/24 04:58:00,21.08,21.39,20.01,19.54
01/27/24 04:59:00,21.08,21.48,19.95,19.52
01/27/24 05:00:00,21.08,21.35,19.95,19.52
01/27/24 05:01:00,21.05,21.37,19.96,19.50
01/27/24 05:02:00,21.07,21.38,19.92,19.53
01/27/24 05:03:00,21.02,21.37,19.94,19.53
01/27/24 05:04:00,21.06,21.37,19.96,19.53
01/27/24 05:05:00,21.05,21.37,19.95,19.51
01/27/24 05:06:00,21.02,21.36,19.92,19.52
01/27/24 05:07:00,21.03,21.35,19.94,19.51
01/27/24 05:08:00,20.99,21.37,19.94,19.49
01/27/24 05:09:00,21.02,21.34,19.90,19.50
01/27/24 05:10:00,21.01,21.33,19.89,19.48
01/27/24 05:11:00,21.02,21.31,19.91,19.47
01/27/24 05:12:00,21.03,21.33,19.88,19.48
01/27/24 05:13:00,20.99,21.33,19.87,19.50
01/27/24 05:14:00,21.00,21.32,19.87,19.52
01/27/24 05:15:00,21.00,21.29,19.88,19.47
01/27/24 05:16:00,20.99,21.37,19.86,19.47
01/27/24 05:17:00,21.06,21.32,19.87,19.47
01/27/24 05:18:00,20.98,21.29,19.89,19.48
01/27/24 05:19:00,20.98,21.28,19.89,19.49
01/27/24 05:20:00,20.96,21.31,19.85,19.48
01/27/24 05:21:00,21.03,21.37,19.88,19.52
01/27/24 05:22:00,21.03,21.25,19.88,19.50
01/27/24 05:23:00,21.03,21.26,19.89,19.52
01/27/24 05:24:00,21.01,21.30,19.88,19.49
01/27/24 05:25:00,20.96,21.27,19.91,19.48
01/27/24 05:26:00,20.99,21.25,19.88,19.51
01/27/24 05:27:00,20.96,21.22,19.88,19.43
01/27/24 05:28:00,20.98,21.22,19.85,19.48
01/27/24 05:29:00,21.00,21.24,19.87,19.35
01/27/24 05:30:00,20.96,21.24,19.88,19.28
01/27/24 05:31:00,20.96,21.31,19.81,19.24
01/27/24 05:32:00,21.00,21.26,19.78,19.19
01/27/24 05:33:00,20.96,21.23,19.77,19.10
01/27/24 05:34:00,21.00,21.22,19.71,19.11
01/27/24 05:35:00,21.08,21.20,19.67,19.03
01/27/24 05:36:00,21.07,21.30,19.62,18.97
01/27/24 05:37:00,20.99,21.23,19.59,18.90
01/27/24 05:38:00,20.97,21.22,19.58,18.91
01/27/24 05:39:00,20.99,21.31,19.55,18.85
01/27/24 05:40:00,21.03,21.19,19.49,18.69
01/27/24 05:41:00,21.01,21.20,19.48,18.68
01/27/24 05:42:00,20.98,21.25,19.43,18.64
01/27/24 05:43:00,20.97,21.20,19.40,18.68
01/27/24 05:44:00,20.99,21.20,19.35,18.54
01/27/24 05:45:00,20.99,21.21,19.33,18.47
01/27/24 05:46:00,21.00,21.19,19.26,18.44
01/27/24 05:47:00,21.00,21.18,19.25,18.39
01/27/24 05:48:00,21.00,21.20,19.23,18.38
01/27/24 05:49:00,21.00,21.18,19.18,18.36
01/27/24 05:50:00,20.98,21.16,19.15,18.34
01/27/24 05:51:00,21.00,21.18,19.14,18.29
01/27/24 05:52:00,21.01,21.19,19.09,18.30
01/27/24 05:53:00,20.98,21.14,19.13,18.33
01/27/24 05:54:00,21.00,21.16,19.05,18.23
01/27/24 05:55:00,21.00,21.16,19.06,18.33
01/27/24 05:56:00,21.00,21.17,19.03,18.25
01/27/24 05:57:00,21.01,21.19,19.03,18.22
01/27/24 05:58:00,21.02,21.13,19.03,18.21
01/27/24 05:59:00,21.03,21.15,19.10,18.20
01/27/24 06:00:00,21.10,21.18,19.04,18.24
01/27/24 06:01:00,21.04,21.22,19.05,18.24
01/27/24 06:02:00,21.04,21.14,19.06,18.25
01/27/24 06:03:00,21.10,21.14,19.03,18.23
01/27/24 06:04:00,21.13,21.18,19.04,18.25
01/27/24 06:05:00,21.01,21.17,19.05,18.26
01/27/24 06:06:00,21.06,21.16,19.02,18.22
01/27/24 06:07:00,21.14,21.16,19.01,18.30
01/27/24 06:08:00,21.07,21.13,19.04,18.23
01/27/24 06:09:00,21.08,21.13,19.04,18.25
01/27/24 06:10:00,21.10,21.13,19.07,18.28
01/27/24 06:11:00,21.10,21.14,19.08,18.38
01/27/24 06:12:00,21.13,21.16,19.10,18.32
01/27/24 06:13:00,21.11,21.18,19.12,18.38
01/27/24 06:14:00,21.12,21.14,19.13,18.38
01/27/24 06:15:00,21.20,21.16,19.18,18.40
01/27/24 06:16:00,21.15,21.15,19.13,18.42
01/27/24 06:17:00,21.17,21.16,19.20,18.43
01/27/24 06:18:00,21.17,21.15,19.22,18.49
01/27/24 06:19:00,21.22,21.15,19.26,18.55
01/27/24 06:20:00,21.18,21.14,19.30,18.60
01/27/24 06:21:00,21.21,21.12,19.42,18.65
01/27/24 06:22:00,21.25,21.17,19.42,18.68
01/27/24 06:23:00,21.25,21.17,19.46,18.80
01/27/24 06:24:00,21.27,21.21,19.53,18.80
01/27/24 06:25:00,21.29,21.17,19.61,18.84
01/27/24 06:26:00,21.34,21.17,19.66,18.91
01/27/24 06:27:00,21.38,21.18,19.70,19.01
01/27/24 06:28:00,21.45,21.18,19.79,19.07
01/27/24 06:29:00,21.52,21.21,19.87,19.22
01/27/24 06:30:00,21.49,21.23,20.01,19.27
01/27/24 06:31:00,21.53,21.21,20.07,19.36
01/27/24 06:32:00,21.56,21.19,20.17,19.40
01/27/24 06:33:00,21.69,21.21,20.27,19.51
01/27/24 06:34:00,21.67,21.23,20.34,19.59
01/27/24 06:35:00,21.73,21.25,20.41,19.74
01/27/24 06:36:00,21.73,21.25,20.50,19.73
01/27/24 06:37:00,21.81,21.28,20.60,19.80
01/27/24 06:38:00,21.82,21.32,20.72,19.84
01/27/24 06:39:00,21.91,21.33,20.76,19.88
01/27/24 06:40:00,21.92,21.38,20.77,19.90
01/27/24 06:41:00,21.94,21.36,20.80,19.94
01/27/24 06:42:00,22.01,21.36,20.86,19.86
01/27/24 06:43:00,21.96,21.39,20.91,19.93
01/27/24 06:44:00,22.01,21.39,20.89,19.81
01/27/24 06:45:00,22.01,21.41,20.89,19.82
01/27/24 06:46:00,22.01,21.42,20.92,19.84
01/27/24 06:47:00,22.13,21.42,20.90,19.87
01/27/24 06:48:00,22.07,21.45,20.99,19.84
01/27/24 06:49:00,22.07,21.43,20.90,19.93
01/27/24 06:50:00,22.13,21.49,20.87,19.86
01/27/24 06:51:00,22.10,21.50,20.87,19.80
01/27/24 06:52:00,22.13,21.52,20.90,19.82
01/27/24 06:53:00,22.14,21.52,20.90,19.83
01/27/24 06:54:00,22.18,21.50,20.87,19.90
01/27/24 06:55:00,22.25,21.56,20.89,19.86
01/27/24 06:56:00,22.26,21.58,20.91,19.90
01/27/24 06:57:00,22.19,21.59,20.89,19.86
01/27/24 06:58:00,22.21,21.65,20.95,19.83
01/27/24 06:59:00,22.25,21.63,20.87,19.87
01/27/24 07:00:00,22.32,21.63,20.98,19.84
01/27/24 07:01:00,22.27,21.63,20.90,19.86
01/27/24 07:02:00,22.31,21.66,20.97,19.85
01/27/24 07:03:00,22.30,21.72,20.98,19.92
01/27/24 07:04:00,22.31,21.70,20.94,19.88
01/27/24 07:05:00,22.32,21.71,20.93,19.88
01/27/24 07:06:00,22.43,21.73,20.97,19.88
01/27/24 07:07:00,22.36,21.74,20.98,19.91
01/27/24 07:08:00,22.36,21.74,20.96,19.92
01/27/24 07:09:00,22.40,21.76,20.95,19.96
01/27/24 07:10:00,22.41,21.77,20.97,19.87
01/27/24 07:11:00,22.42,21.83,21.02,19.96
01/27/24 07:12:00,22.50,21.88,21.01,19.97
01/27/24 07:13:00,22.49,21.84,21.03,20.01
01/27/24 07:14:00,22.49,21.86,21.05,20.02
01/27/24 07:15:00,22.52,21.86,21.08,20.07
01/27/24 07:16:00,22.53,21.89,21.10,20.07
01/27/24 07:17:00,22.59,21.87,21.15,20.12
01/27/24 07:18:00,22.61,21.90,21.15,20.11
01/27/24 07:19:00,22.58,21.92,21.15,20.11
01/27/24 07:20:00,22.66,22.03,21.19,20.20
01/27/24 07:21:00,22.74,22.04,21.23,20.24
01/27/24 07:22:00,22.70,21.97,21.28,20.35
01/27/24 07:23:00,22.81,21.98,21.37,20.31
01/27/24 07:24:00,22.80,22.02,21.39,20.41
01/27/24 07:25:00,22.75,22.02,21.45,20.47
01/27/24 07:26:00,22.82,22.08,21.47,20.47
01/27/24 07:27:00,22.94,22.05,21.48,20.60
01/27/24 07:28:00,22.93,22.07,21.56,20.59
01/27/24 07:29:00,22.88,22.14,21.70,20.56
01/27/24 07:30:00,22.92,22.11,21.63,20.63
01/27/24 07:31:00,22.97,22.13,21.66,20.63
01/27/24 07:32:00,23.06,22.18,21.69,20.69
01/27/24 07:33:00,23.03,22.16,21.78,20.65
01/27/24 07:34:00,23.10,22.21,21.78,20.74
01/27/24 07:35:00,23.07,22.22,21.84,20.69
01/27/24 07:36:00,23.16,22.24,21.90,20.78
01/27/24 07:37:00,23.13,22.29,21.92,20.76
01/27/24 07:38:00,23.16,22.27,21.92,20.83
01/27/24 07:39:00,23.20,22.33,22.04,20.87
01/27/24 07:40:00,23.23,22.34,22.03,20.91
01/27/24 07:41:00,23.27,22.39,22.02,20.86
01/27/24 07:42:00,23.30,22.39,22.07,20.89
01/27/24 07:43:00,23.31,22.50,22.06,20.88
01/27/24 07:44:00,23.37,22.42,22.11,20.96
01/27/24 07:45:00,23.36,22.47,22.16,21.03
01/27/24 07:46:00,23.40,22.52,22.18,21.08
01/27/24 07:47:00,23.41,22.50,22.21,21.11
01/27/24 07:48:00,23.45,22.58,22.26,21.21
01/27/24 07:49:00,23.50,22.53,22.30,21.20
01/27/24 07:50:00,23.52,22.59,22.41,21.28
01/27/24 07:51:00,23.55,22.61,22.43,21.26
01/27/24 07:52:00,23.61,22.63,22.53,21.29
01/27/24 07:53:00,23.70,22.63,22.49,21.33
01/27/24 07:54:00,23.68,22.70,22.56,21.44
01/27/24 07:55:00,23.68,22.72,22.59,21.42
01/27/24 07:56:00,23.72,22.73,22.68,21.47
01/27/24 07:57:00,23.85,22.72,22.70,21.49
01/27/24 07:58:00,23.83,22.77,22.73,21.54
01/27/24 07:59:00,23.92,22.86,22.84,21.59
01/27/24 08:00:00,23.89,22.82,22.79,21.61
01/27/24 08:01:00,23.90,22.87,22.86,21.77
01/27/24 08:02:00,23.90,22.88,22.89,21.82
01/27/24 08:03:00,23.95,22.92,22.95,21.81
01/27/24 08:04:00,24.00,22.93,22.98,21.86
01/27/24 08:05:00,24.05,22.95,23.13,21.92
01/27/24 08:06:00,24.08,22.99,23.09,21.96
01/27/24 08:07:00,24.17,23.01,23.16,22.01
01/27/24 08:08:00,24.17,23.08,23.24,22.10
01/27/24 08:09:00,24.25,23.08,23.30,22.11
01/27/24 08:10:00,24.25,23.09,23.34,22.12
01/27/24 08:11:00,24.37,23.21,23.41,22.18
01/27/24 08:12:00,24.36,23.25,23.43,22.20
01/27/24 08:13:00,24.37,23.26,23.55,22.34
01/27/24 08:14:00,24.50,23.21,23.55,22.30
01/27/24 08:15:00,24.50,23.32,23.67,22.36
01/27/24 08:16:00,24.48,23.28,23.67,22.47
01/27/24 08:17:00,24.55,23.33,23.68,22.45
01/27/24 08:18:00,24.58,23.42,23.79,22.54
01/27/24 08:19:00,24.64,23.44,23.81,22.60
01/27/24 08:20:00,24.69,23.51,23.84,22.57
01/27/24 08:21:00,24.70,23.44,23.98,22.73
01/27/24 08:22:00,24.79,23.47,24.03,22.70
01/27/24 08:23:00,24.79,23.56,24.04,22.72
01/27/24 08:24:00,24.85,23.55,24.09,22.82
01/27/24 08:25:00,24.92,23.64,24.16,22.83
01/27/24 08:26:00,24.95,23.66,24.19,22.88
01/27/24 08:27:00,25.02,23.65,24.25,22.90
01/27/24 08:28:00,25.04,23.68,24.31,22.86
01/27/24 08:29:00,25.16,23.73,24.34,22.95
01/27/24 08:30:00,25.13,23.76,24.46,22.98
01/27/24 08:31:00,25.28,23.78,24.44,23.09
01/27/24 08:32:00,25.28,23.89,24.51,23.17
01/27/24 08:33:00,25.27,23.90,24.57,23.16
01/27/24 08:34:00,25.39,23.91,24.69,23.15
01/27/24 08:35:00,25.47,23.98,24.68,23.22
01/27/24 08:36:00,25.44,23.96,24.94,23.34
01/27/24 08:37:00,25.55,24.02,24.89,23.43
01/27/24 08:38:00,25.56,24.13,24.98,23.53
01/27/24 08:39:00,25.63,24.10,25.10,23.47
01/27/24 08:40:00,25.72,24.16,25.26,23.55
01/27/24 08:41:00,25.82,24.19,25.40,23.70
01/27/24 08:42:00,25.91,24.23,25.58,23.74
01/27/24 08:43:00,26.00,24.29,26.10,24.28
01/27/24 08:44:00,26.25,24.34,26.82,25.37
01/27/24 08:45:00,26.37,24.42,27.80,26.49
01/27/24 08:46:00,26.49,24.45,28.81,27.31
01/27/24 08:47:00,26.76,24.50,29.85,28.12
01/27/24 08:48:00,28.09,24.23,30.81,35.41
01/27/24 08:49:00,29.31,26.23,31.03,35.95
01/27/24 08:50:00,29.37,26.71,32.11,27.69
01/27/24 08:51:00,29.71,26.64,33.62,28.56
01/27/24 08:52:00,30.48,26.67,34.97,29.46
01/27/24 08:53:00,31.25,26.75,36.35,30.44
01/27/24 08:54:00,32.12,26.83,37.60,31.30
01/27/24 08:55:00,32.88,26.97,38.87,31.88
01/27/24 08:56:00,33.40,27.07,39.92,32.59
01/27/24 08:57:00,34.00,27.24,41.19,33.27
01/27/24 08:58:00,34.61,27.46,42.28,33.98
01/27/24 08:59:00,35.24,27.61,43.23,34.61
01/27/24 09:00:00,35.83,27.76,44.29,35.01
01/27/24 09:01:00,36.37,27.99,45.10,35.62
01/27/24 09:02:00,36.94,28.22,46.14,36.54
01/27/24 09:03:00,37.45,28.43,47.02,37.38
01/27/24 09:04:00,37.95,28.67,47.89,37.85
01/27/24 09:05:00,38.47,28.94,48.73,38.37
01/27/24 09:06:00,38.96,29.15,49.59,38.81
01/27/24 09:07:00,39.44,29.47,50.41,38.90
01/27/24 09:08:00,40.00,29.72,51.13,39.13
01/27/24 09:09:00,40.41,29.98,51.84,39.47
01/27/24 09:10:00,40.92,30.27,52.57,40.46
01/27/24 09:11:00,41.41,30.61,53.29,40.82
01/27/24 09:12:00,41.98,30.89,54.07,41.75
01/27/24 09:13:00,42.44,31.12,54.75,42.54
01/27/24 09:14:00,42.88,31.51,55.42,41.88
01/27/24 09:15:00,43.35,31.76,55.99,42.51
01/27/24 09:16:00,43.90,32.07,56.63,43.01
01/27/24 09:17:00,44.27,32.37,57.18,43.47
01/27/24 09:18:00,44.76,32.73,57.83,43.82
01/27/24 09:19:00,45.17,33.00,58.46,44.39
01/27/24 09:20:00,45.63,33.39,59.10,44.96
01/27/24 09:21:00,46.13,33.77,59.65,45.02
01/27/24 09:22:00,46.52,34.06,60.14,45.44
01/27/24 09:23:00,46.97,34.43,60.66,46.09
01/27/24 09:24:00,47.40,34.77,61.24,46.69
01/27/24 09:25:00,47.89,35.14,61.75,47.00
01/27/24 09:26:00,48.28,35.48,62.36,47.61
01/27/24 09:27:00,48.75,35.81,62.86,48.46
01/27/24 09:28:00,49.23,36.29,63.53,49.15
01/27/24 09:29:00,49.73,36.57,64.14,49.62
01/27/24 09:30:00,50.11,36.99,64.77,50.13
01/27/24 09:31:00,50.55,37.31,65.44,49.48
01/27/24 09:32:00,51.03,37.71,65.98,49.95
01/27/24 09:33:00,51.48,38.09,66.66,50.72
01/27/24 09:34:00,51.97,38.48,67.21,51.40
01/27/24 09:35:00,52.38,38.87,67.88,51.75
01/27/24 09:36:00,52.83,39.31,68.48,52.11
01/27/24 09:37:00,53.37,39.68,69.07,52.31
01/27/24 09:38:00,53.81,40.02,69.59,51.64
01/27/24 09:39:00,54.31,40.50,70.01,52.05
01/27/24 09:40:00,54.64,40.86,70.35,52.17
01/27/24 09:41:00,55.24,41.23,70.61,52.27
01/27/24 09:42:00,55.61,41.69,71.05,52.75
01/27/24 09:43:00,56.03,42.01,71.41,53.40
01/27/24 09:44:00,56.54,42.52,71.91,53.96
01/27/24 09:45:00,56.97,42.86,72.34,54.82
01/27/24 09:46:00,57.35,43.34,72.87,55.33
01/27/24 09:47:00,57.83,43.67,73.31,55.49
01/27/24 09:48:00,58.29,44.13,73.74,55.64
01/27/24 09:49:00,58.72,44.55,74.37,56.17
01/27/24 09:50:00,59.19,44.92,74.69,55.56
01/27/24 09:51:00,59.65,45.37,75.01,55.83
01/27/24 09:52:00,60.06,45.79,75.35,56.26
01/27/24 09:53:00,60.51,46.18,75.68,55.63
01/27/24 09:54:00,60.94,46.68,75.98,55.87
01/27/24 09:55:00,61.44,47.01,76.27,55.85
01/27/24 09:56:00,61.97,47.49,76.60,56.32
01/27/24 09:57:00,62.32,47.94,76.93,56.42
01/27/24 09:58:00,62.77,48.34,77.09,55.90
01/27/24 09:59:00,63.21,48.75,77.56,56.60
01/27/24 10:00:00,63.64,49.19,77.88,57.04
01/27/24 10:01:00,64.08,49.60,78.21,57.36
01/27/24 10:02:00,64.47,50.02,78.74,57.03
01/27/24 10:03:00,64.90,50.46,79.03,57.46
01/27/24 10:04:00,65.36,50.97,79.44,57.92
01/27/24 10:05:00,65.75,51.35,79.96,58.15
01/27/24 10:06:00,66.23,51.78,80.33,57.81
01/27/24 10:07:00,66.65,52.22,80.69,59.03
01/27/24 10:08:00,67.12,52.62,81.23,59.51
01/27/24 10:09:00,67.59,53.03,81.57,60.03
01/27/24 10:10:00,67.96,53.61,81.94,60.20
01/27/24 10:11:00,68.30,53.92,82.43,60.51
01/27/24 10:12:00,68.74,54.39,82.72,60.26
01/27/24 10:13:00,69.17,54.85,83.09,60.79
01/27/24 10:14:00,69.52,55.26,83.47,61.17
01/27/24 10:15:00,69.95,55.74,83.74,61.59
01/27/24 10:16:00,70.36,56.19,84.14,62.09
01/27/24 10:17:00,70.82,56.54,84.44,61.75
01/27/24 10:18:00,71.28,57.02,84.76,61.49
01/27/24 10:19:00,71.72,57.43,84.90,61.36
01/27/24 10:20:00,72.14,57.88,85.05,61.35
01/27/24 10:21:00,72.56,58.32,85.35,62.20
01/27/24 10:22:00,73.02,58.76,85.48,63.30
01/27/24 10:23:00,73.43,59.21,85.85,63.48
01/27/24 10:24:00,73.91,59.64,86.31,63.08
01/27/24 10:25:00,74.23,60.08,86.62,63.10
01/27/24 10:26:00,74.66,60.47,87.02,63.47
01/27/24 10:27:00,75.06,60.91,87.32,64.57
01/27/24 10:28:00,75.44,61.35,87.89,64.24
01/27/24 10:29:00,75.92,61.93,88.37,64.61
01/27/24 10:30:00,76.31,62.23,88.80,65.41
01/27/24 10:31:00,76.64,62.69,89.08,65.13
01/27/24 10:32:00,77.08,63.12,89.38,65.00
01/27/24 10:33:00,77.46,63.54,89.68,65.62
01/27/24 10:34:00,77.90,63.97,90.15,65.43
01/27/24 10:35:00,78.28,64.38,90.60,66.24
01/27/24 10:36:00,78.69,64.87,91.29,66.58
01/27/24 10:37:00,79.06,65.26,91.62,66.07
01/27/24 10:38:00,79.44,65.74,92.06,66.47
01/27/24 10:39:00,79.88,66.20,92.57,66.97
01/27/24 10:40:00,80.30,66.61,93.13,67.38
01/27/24 10:41:00,80.70,67.09,93.71,66.91
01/27/24 10:42:00,81.09,67.44,94.08,66.98
01/27/24 10:43:00,81.48,67.85,94.59,67.95
01/27/24 10:44:00,81.91,68.28,95.09,68.37
01/27/24 10:45:00,82.30,68.76,95.73,68.34
01/27/24 10:46:00,82.68,69.13,96.20,68.89
01/27/24 10:47:00,83.09,69.64,96.68,67.92
01/27/24 10:48:00,83.56,70.05,97.03,68.12
01/27/24 10:49:00,83.94,70.46,97.35,68.68
01/27/24 10:50:00,84.35,70.92,97.78,69.28
01/27/24 10:51:00,84.74,71.40,98.19,69.10
01/27/24 10:52:00,85.13,71.80,98.53,69.26
01/27/24 10:53:00,85.53,72.17,98.91,69.07
01/27/24 10:54:00,85.99,72.60,99.21,70.48
01/27/24 10:55:00,86.47,73.09,99.54,71.70
01/27/24 10:56:00,86.82,73.47,99.73,71.16
01/27/24 10:57:00,87.20,73.91,100.08,70.76
01/27/24 10:58:00,87.57,74.33,100.30,70.43
01/27/24 10:59:00,88.02,74.80,100.35,70.44
01/27/24 11:00:00,88.40,75.20,100.57,70.10
01/27/24 11:01:00,88.74,75.71,100.58,70.49
01/27/24 11:02:00,89.21,75.99,100.83,70.55
01/27/24 11:03:00,89.50,76.42,101.14,70.73
01/27/24 11:04:00,89.85,76.87,101.37,71.34
01/27/24 11:05:00,90.25,77.26,101.69,71.21
01/27/24 11:06:00,90.62,77.77,101.95,70.89
01/27/24 11:07:00,91.05,78.07,102.22,70.79
01/27/24 11:08:00,91.45,78.51,102.57,71.59
01/27/24 11:09:00,91.74,78.91,102.88,71.86
01/27/24 11:10:00,92.11,79.34,103.29,70.64
01/27/24 11:11:00,92.43,79.74,103.63,70.14
01/27/24 11:12:00,92.80,80.13,103.72,70.61
01/27/24 11:13:00,93.20,80.54,103.95,70.67
01/27/24 11:14:00,93.47,80.97,104.28,70.78
01/27/24 11:15:00,93.86,81.38,104.46,70.06
01/27/24 11:16:00,94.24,81.75,104.76,70.38
01/27/24 11:17:00,94.62,82.15,104.88,71.37
01/27/24 11:18:00,94.95,82.51,104.91,70.65
01/27/24 11:19:00,95.24,82.91,104.96,71.56
01/27/24 11:20:00,95.55,83.26,105.20,70.81
01/27/24 11:21:00,95.87,83.60,105.02,71.43
01/27/24 11:22:00,96.15,84.07,105.08,71.31
01/27/24 11:23:00,96.48,84.38,105.10,72.53
01/27/24 11:24:00,96.79,84.77,105.41,72.13
01/27/24 11:25:00,97.12,85.15,105.48,73.42
01/27/24 11:26:00,97.44,85.53,105.66,73.91
01/27/24 11:27:00,97.69,85.87,105.96,74.20
01/27/24 11:28:00,98.06,86.29,105.94,73.79
01/27/24 11:29:00,98.27,86.62,105.92,73.43
01/27/24 11:30:00,98.57,87.01,105.80,72.17
01/27/24 11:31:00,98.93,87.35,105.75,72.89
01/27/24 11:32:00,99.15,87.74,105.82,73.20
01/27/24 11:33:00,99.49,87.98,105.69,73.32
01/27/24 11:34:00,99.74,88.34,106.07,73.27
01/27/24 11:35:00,100.06,88.75,106.14,73.60
01/27/24 11:36:00,100.34,88.99,106.29,73.69
01/27/24 11:37:00,100.69,89.34,106.47,74.17
01/27/24 11:38:00,101.08,89.62,106.41,73.62
01/27/24 11:39:00,101.24,89.95,106.47,73.95
01/27/24 11:40:00,101.50,90.26,106.75,74.19
01/27/24 11:41:00,101.75,90.53,106.95,73.42
01/27/24 11:42:00,102.01,90.88,107.26,72.90
01/27/24 11:43:00,102.28,91.18,107.50,73.01
01/27/24 11:44:00,102.61,91.49,107.70,73.72
01/27/24 11:45:00,102.79,91.73,108.09,73.62
01/27/24 11:46:00,103.04,92.04,108.20,72.85
01/27/24 11:47:00,103.29,92.29,107.89,71.22
01/27/24 11:48:00,103.52,92.59,107.69,70.62
01/27/24 11:49:00,103.79,92.92,107.37,71.14
01/27/24 11:50:00,104.01,93.10,107.17,71.28
01/27/24 11:51:00,104.28,93.31,106.78,70.55
01/27/24 11:52:00,104.44,93.51,106.53,71.57
01/27/24 11:53:00,104.59,93.79,106.36,72.89
01/27/24 11:54:00,104.81,94.00,106.11,73.40
01/27/24 11:55:00,104.95,94.21,106.13,73.37
01/27/24 11:56:00,105.10,94.48,106.01,72.68
01/27/24 11:57:00,105.32,94.67,106.14,72.56
01/27/24 11:58:00,105.37,94.90,106.02,73.11
01/27/24 11:59:00,105.56,95.07,105.96,72.54
01/27/24 12:00:00,105.77,95.30,106.21,73.17
01/27/24 12:01:00,105.90,95.54,105.95,73.80
01/27/24 12:02:00,106.05,95.67,105.82,73.24
01/27/24 12:03:00,106.23,95.82,105.93,72.85
01/27/24 12:04:00,106.42,96.08,105.66,71.54
01/27/24 12:05:00,106.53,96.20,105.63,70.95
01/27/24 12:06:00,106.72,96.39,105.43,71.06
01/27/24 12:07:00,106.85,96.56,105.48,71.70
01/27/24 12:08:00,106.92,96.71,105.52,70.87
01/27/24 12:09:00,107.10,96.91,105.28,71.93
01/27/24 12:10:00,107.17,96.99,105.47,71.78
01/27/24 12:11:00,107.25,97.13,105.77,72.15
01/27/24 12:12:00,107.27,97.19,105.96,72.65
01/27/24 12:13:00,107.43,97.36,106.25,72.93
01/27/24 12:14:00,107.53,97.50,106.76,73.43
01/27/24 12:15:00,107.57,97.53,106.55,71.90
01/27/24 12:16:00,107.63,97.81,106.41,72.29
01/27/24 12:17:00,107.77,97.75,106.15,71.88
01/27/24 12:18:00,107.86,97.87,106.27,72.36
01/27/24 12:19:00,107.90,97.89,106.32,72.71
01/27/24 12:20:00,107.91,98.04,106.38,72.32
01/27/24 12:21:00,107.95,98.19,106.18,72.20
01/27/24 12:22:00,107.99,98.13,105.98,71.96
01/27/24 12:23:00,108.08,98.22,106.16,71.24
01/27/24 12:24:00,108.08,98.20,105.67,70.24
01/27/24 12:25:00,108.14,98.26,105.28,69.52
01/27/24 12:26:00,108.11,98.43,104.97,69.00
01/27/24 12:27:00,108.09,98.38,104.61,69.54
01/27/24 12:28:00,108.10,98.37,104.44,69.65
01/27/24 12:29:00,108.10,98.40,104.42,69.94
01/27/24 12:30:00,108.09,98.45,104.18,68.87
01/27/24 12:31:00,108.10,98.40,104.09,69.97
01/27/24 12:32:00,108.15,98.50,104.31,71.41
01/27/24 12:33:00,108.14,98.52,104.32,71.27
01/27/24 12:34:00,108.14,98.61,104.42,71.70
01/27/24 12:35:00,108.20,98.59,104.38,71.29
01/27/24 12:36:00,108.13,98.63,104.30,71.46
01/27/24 12:37:00,108.27,98.64,104.48,71.66
01/27/24 12:38:00,108.18,98.68,104.29,72.17
01/27/24 12:39:00,108.16,98.73,104.13,71.39
01/27/24 12:40:00,108.12,98.66,104.03,70.84
01/27/24 12:41:00,108.11,98.78,104.09,71.94
01/27/24 12:42:00,108.05,98.66,103.96,71.03
01/27/24 12:43:00,108.09,98.65,103.87,71.13
01/27/24 12:44:00,108.11,98.70,103.79,70.30
01/27/24 12:45:00,108.02,98.65,103.62,70.54
01/27/24 12:46:00,108.03,98.75,103.10,69.54
01/27/24 12:47:00,108.00,98.77,102.95,69.25
01/27/24 12:48:00,108.01,98.65,102.63,69.31
01/27/24 12:49:00,108.00,98.58,102.42,68.68
01/27/24 12:50:00,107.91,98.68,102.23,69.69
01/27/24 12:51:00,107.86,98.58,102.10,70.63
01/27/24 12:52:00,107.81,98.65,101.84,71.06
01/27/24 12:53:00,107.81,98.70,101.77,70.87
01/27/24 12:54:00,107.80,98.67,101.70,70.38
01/27/24 12:55:00,107.81,98.63,101.65,69.92
01/27/24 12:56:00,107.71,98.60,101.51,70.35
01/27/24 12:57:00,107.67,98.62,101.36,70.25
01/27/24 12:58:00,107.65,98.56,101.14,70.14
01/27/24 12:59:00,107.64,98.72,101.02,70.02
01/27/24 13:00:00,107.59,98.57,100.72,70.04
01/27/24 13:01:00,107.52,98.72,100.62,70.08
01/27/24 13:02:00,107.52,98.57,100.56,70.09
01/27/24 13:03:00,107.46,98.67,100.39,69.46
01/27/24 13:04:00,107.39,98.54,100.28,69.32
01/27/24 13:05:00,107.40,98.61,100.26,69.55
01/27/24 13:06:00,107.40,98.59,100.09,68.69
01/27/24 13:07:00,107.33,98.69,100.08,68.92
01/27/24 13:08:00,107.21,98.49,99.95,69.24
01/27/24 13:09:00,107.10,98.58,99.77,68.97
01/27/24 13:10:00,107.02,98.55,99.67,69.07
01/27/24 13:11:00,106.95,98.59,99.77,67.63
01/27/24 13:12:00,106.92,98.59,99.65,68.66
01/27/24 13:13:00,106.88,98.37,99.58,69.34
01/27/24 13:14:00,106.78,98.48,99.49,69.07
01/27/24 13:15:00,106.72,98.53,99.50,68.64
01/27/24 13:16:00,106.69,98.44,99.25,68.22
01/27/24 13:17:00,106.61,98.46,99.37,69.06
01/27/24 13:18:00,106.59,98.31,98.94,69.09
01/27/24 13:19:00,106.46,98.47,98.77,68.73
01/27/24 13:20:00,106.42,98.40,98.63,69.24
01/27/24 13:21:00,106.31,98.31,98.51,69.26
01/27/24 13:22:00,106.27,98.33,98.43,68.96
01/27/24 13:23:00,106.16,98.26,98.40,66.76
01/27/24 13:24:00,106.07,98.34,98.42,67.17
01/27/24 13:25:00,106.07,98.27,98.04,66.73
01/27/24 13:26:00,105.94,98.12,97.86,66.61
01/27/24 13:27:00,105.81,98.18,97.35,66.60
01/27/24 13:28:00,105.79,98.17,97.37,66.25
01/27/24 13:29:00,105.80,98.12,97.00,65.53
01/27/24 13:30:00,105.66,98.11,96.75,65.08
01/27/24 13:31:00,105.50,98.01,96.68,65.17
01/27/24 13:32:00,105.34,97.93,96.24,64.63
01/27/24 13:33:00,105.24,98.00,96.06,65.42
01/27/24 13:34:00,105.13,97.90,95.85,65.63
01/27/24 13:35:00,105.04,97.91,95.71,65.79
01/27/24 13:36:00,104.97,97.90,95.62,66.42
01/27/24 13:37:00,104.93,97.87,95.53,66.49
01/27/24 13:38:00,104.86,97.93,95.23,66.32
01/27/24 13:39:00,104.70,97.78,95.01,66.45
01/27/24 13:40:00,104.61,97.85,94.98,66.17
01/27/24 13:41:00,104.65,97.75,94.74,65.70
01/27/24 13:42:00,104.52,97.65,94.40,65.73
01/27/24 13:43:00,104.37,97.60,94.08,65.67
01/27/24 13:44:00,104.29,97.61,93.68,65.40
01/27/24 13:45:00,104.25,97.52,93.41,65.72
01/27/24 13:46:00,104.17,97.49,93.27,65.67
01/27/24 13:47:00,103.99,97.47,93.06,64.56
01/27/24 13:48:00,103.82,97.45,92.56,64.30
01/27/24 13:49:00,103.69,97.45,92.34,63.88
01/27/24 13:50:00,103.57,97.44,92.18,65.11
01/27/24 13:51:00,103.51,97.43,92.03,64.32
01/27/24 13:52:00,103.34,97.34,91.81,64.15
01/27/24 13:53:00,103.26,97.26,91.42,63.99
01/27/24 13:54:00,103.20,97.17,91.23,64.57
01/27/24 13:55:00,103.04,97.15,91.11,64.90
01/27/24 13:56:00,102.97,96.99,90.91,64.79
01/27/24 13:57:00,102.89,97.04,90.63,65.20
01/27/24 13:58:00,102.81,96.91,90.62,64.59
01/27/24 13:59:00,102.65,96.92,90.52,64.58
01/27/24 14:00:00,102.56,96.85,90.24,64.30
01/27/24 14:01:00,102.44,96.76,90.11,63.82
01/27/24 14:02:00,102.32,96.86,89.90,63.48
01/27/24 14:03:00,102.23,96.83,89.52,63.27
01/27/24 14:04:00,102.05,96.75,89.42,63.55
01/27/24 14:05:00,102.01,96.71,89.37,64.87
01/27/24 14:06:00,101.92,96.59,89.63,64.77
01/27/24 14:07:00,101.84,96.55,89.49,64.53
01/27/24 14:08:00,101.76,96.56,89.48,64.68
01/27/24 14:09:00,101.65,96.50,89.39,63.88
01/27/24 14:10:00,101.57,96.49,89.37,64.23
01/27/24 14:11:00,101.52,96.28,89.12,64.37
01/27/24 14:12:00,101.47,96.35,89.20,63.22
01/27/24 14:13:00,101.43,96.29,89.03,62.85
01/27/24 14:14:00,101.27,96.21,88.85,62.29
01/27/24 14:15:00,101.20,96.19,88.63,62.99
01/27/24 14:16:00,101.11,96.13,88.77,63.27
01/27/24 14:17:00,101.10,96.14,88.93,63.42
01/27/24 14:18:00,101.06,96.10,88.92,63.18
01/27/24 14:19:00,100.98,96.04,89.13,62.82
01/27/24 14:20:00,100.95,96.09,89.16,63.09
01/27/24 14:21:00,100.88,95.93,89.37,63.90
01/27/24 14:22:00,100.87,96.02,89.90,64.25
01/27/24 14:23:00,100.95,95.88,89.65,64.63
01/27/24 14:24:00,100.84,96.00,89.20,63.33
01/27/24 14:25:00,100.77,95.88,87.82,62.89
01/27/24 14:26:00,100.60,95.82,87.14,62.45
01/27/24 14:27:00,100.32,95.73,86.64,61.78
01/27/24 14:28:00,100.02,95.68,86.15,62.30
01/27/24 14:29:00,99.79,95.64,85.05,61.57
01/27/24 14:30:00,99.57,95.46,83.98,61.43
01/27/24 14:31:00,99.24,95.37,82.53,59.92
01/27/24 14:32:00,98.79,95.20,81.33,59.61
01/27/24 14:33:00,98.47,95.10,80.23,58.01
01/27/24 14:34:00,98.02,94.94,79.49,58.07
01/27/24 14:35:00,97.61,94.79,78.32,57.12
01/27/24 14:36:00,97.18,94.58,77.59,56.43
01/27/24 14:37:00,96.77,94.40,76.73,55.40
01/27/24 14:38:00,96.36,94.27,75.21,55.04
01/27/24 14:39:00,95.90,94.08,74.03,53.99
01/27/24 14:40:00,95.41,93.86,72.90,53.35
01/27/24 14:41:00,95.02,93.73,71.75,52.73
01/27/24 14:42:00,94.49,93.33,70.86,52.00
01/27/24 14:43:00,94.08,93.18,69.93,51.64
01/27/24 14:44:00,93.72,92.89,69.02,50.99
01/27/24 14:45:00,93.17,92.73,68.26,50.29
01/27/24 14:46:00,92.76,92.46,67.64,49.88
01/27/24 14:47:00,92.33,92.22,66.95,49.96
01/27/24 14:48:00,91.96,91.99,66.40,49.78
01/27/24 14:49:00,91.57,91.71,65.90,49.40
01/27/24 14:50:00,91.29,91.52,65.37,49.38
01/27/24 14:51:00,90.82,91.26,64.81,48.99
01/27/24 14:52:00,90.45,91.04,64.59,48.34
01/27/24 14:53:00,90.20,90.79,64.31,48.13
01/27/24 14:54:00,89.80,90.55,64.37,47.78
01/27/24 14:55:00,89.46,90.32,65.53,48.48
01/27/24 14:56:00,89.25,90.21,66.05,49.83
01/27/24 14:57:00,89.21,90.13,66.48,50.00
01/27/24 14:58:00,89.15,89.88,65.96,49.42
01/27/24 14:59:00,89.03,89.75,65.50,49.30
01/27/24 15:00:00,88.82,89.50,64.97,48.99
01/27/24 15:01:00,88.52,89.30,64.49,48.84
01/27/24 15:02:00,88.16,89.06,63.93,48.59
01/27/24 15:03:00,87.85,88.85,63.37,48.87
01/27/24 15:04:00,87.63,88.69,62.98,48.51
01/27/24 15:05:00,87.25,88.51,62.41,47.73
01/27/24 15:06:00,86.93,88.22,61.93,47.03
01/27/24 15:07:00,86.50,87.92,61.51,46.75
01/27/24 15:08:00,86.08,87.69,60.89,47.12
01/27/24 15:09:00,85.73,87.45,60.55,46.88
01/27/24 15:10:00,85.38,87.22,60.10,46.28
01/27/24 15:11:00,84.96,86.91,59.65,45.27
01/27/24 15:12:00,84.59,86.77,59.19,44.69
01/27/24 15:13:00,84.25,86.41,58.88,44.79
01/27/24 15:14:00,83.83,86.18,58.51,44.79
01/27/24 15:15:00,83.49,85.83,58.08,44.87
01/27/24 15:16:00,83.12,85.71,57.85,44.94
01/27/24 15:17:00,82.82,85.39,57.58,44.37
01/27/24 15:18:00,82.49,85.21,57.35,44.11
01/27/24 15:19:00,82.16,84.94,57.05,43.82
01/27/24 15:20:00,81.86,84.65,56.98,43.88
01/27/24 15:21:00,81.52,84.38,57.00,43.59
01/27/24 15:22:00,81.24,84.18,57.26,43.47
01/27/24 15:23:00,80.92,83.95,56.89,42.88
01/27/24 15:24:00,80.63,83.73,56.57,42.55
01/27/24 15:25:00,80.36,83.54,56.38,42.71
01/27/24 15:26:00,80.11,83.24,57.28,43.40
01/27/24 15:27:00,79.95,83.09,58.34,44.05
01/27/24 15:28:00,79.68,82.91,59.19,44.50
01/27/24 15:29:00,79.58,82.75,60.15,45.65
01/27/24 15:30:00,79.54,82.64,60.72,45.99
01/27/24 15:31:00,79.48,82.51,61.37,45.96
01/27/24 15:32:00,79.47,82.35,61.83,46.19
01/27/24 15:33:00,79.43,82.27,62.24,46.38
01/27/24 15:34:00,79.33,82.12,62.53,46.44
01/27/24 15:35:00,79.31,82.06,62.56,46.70
01/27/24 15:36:00,79.34,81.88,62.43,46.37
01/27/24 15:37:00,79.13,81.82,62.60,46.94
01/27/24 15:38:00,79.03,81.66,62.51,46.75
01/27/24 15:39:00,78.98,81.51,61.55,46.13
01/27/24 15:40:00,78.85,81.39,60.70,45.67
01/27/24 15:41:00,78.75,81.19,59.92,45.20
01/27/24 15:42:00,78.47,80.98,59.14,44.17
01/27/24 15:43:00,78.25,80.77,58.41,43.91
01/27/24 15:44:00,77.97,80.57,58.26,43.61
01/27/24 15:45:00,77.78,80.42,57.55,43.92
01/27/24 15:46:00,77.40,80.18,57.03,43.20
01/27/24 15:47:00,77.08,79.98,57.04,43.31
01/27/24 15:48:00,76.88,79.82,56.96,43.65
01/27/24 15:49:00,76.61,79.68,56.59,43.86
01/27/24 15:50:00,76.35,79.45,56.06,43.27
01/27/24 15:51:00,76.14,79.21,55.72,43.42
01/27/24 15:52:00,75.90,79.08,55.47,43.41
01/27/24 15:53:00,75.71,78.81,55.02,43.09
01/27/24 15:54:00,75.48,78.64,54.60,42.62
01/27/24 15:55:00,75.13,78.43,54.40,42.13
01/27/24 15:56:00,74.87,78.19,53.82,42.06
01/27/24 15:57:00,74.54,78.02,53.41,41.96
01/27/24 15:58:00,74.36,77.81,53.38,41.36
01/27/24 15:59:00,74.13,77.56,52.74,41.20
01/27/24 16:00:00,73.77,77.37,52.44,41.36
01/27/24 16:01:00,73.57,77.13,52.15,40.90
01/27/24 16:02:00,73.33,76.92,51.85,40.61
01/27/24 16:03:00,73.04,76.73,51.49,40.49
01/27/24 16:04:00,72.79,76.50,51.19,40.15
01/27/24 16:05:00,72.62,76.30,50.94,39.76
01/27/24 16:06:00,72.22,76.11,50.73,39.55
01/27/24 16:07:00,72.01,75.82,50.28,39.65
01/27/24 16:08:00,71.73,75.61,50.02,39.64
01/27/24 16:09:00,71.53,75.40,49.73,39.35
01/27/24 16:10:00,71.17,75.19,49.46,39.20
01/27/24 16:11:00,70.87,74.92,49.14,39.03
01/27/24 16:12:00,70.61,74.74,49.04,38.98
01/27/24 16:13:00,70.41,74.52,49.02,38.95
01/27/24 16:14:00,70.12,74.35,48.82,39.25
01/27/24 16:15:00,69.92,74.14,48.73,38.83
01/27/24 16:16:00,69.66,73.87,48.62,38.99
01/27/24 16:17:00,69.46,73.71,48.68,38.76
01/27/24 16:18:00,69.19,73.44,48.61,38.76
01/27/24 16:19:00,69.07,73.26,48.73,39.03
01/27/24 16:20:00,68.81,73.05,49.16,39.22
01/27/24 16:21:00,68.60,72.85,49.05,39.20
01/27/24 16:22:00,68.43,72.68,49.03,39.06
01/27/24 16:23:00,68.25,72.47,48.77,39.15
01/27/24 16:24:00,68.05,72.29,48.47,39.00
01/27/24 16:25:00,67.88,72.08,48.21,38.89
01/27/24 16:26:00,67.61,71.92,48.04,38.63
01/27/24 16:27:00,67.39,71.69,48.15,38.73
01/27/24 16:28:00,67.17,71.49,47.86,38.33
01/27/24 16:29:00,66.96,71.28,47.75,38.38
01/27/24 16:30:00,66.73,71.09,47.45,37.88
01/27/24 16:31:00,66.53,70.89,47.24,37.71
01/27/24 16:32:00,66.30,70.67,47.18,37.69
01/27/24 16:33:00,66.09,70.47,47.01,37.56
01/27/24 16:34:00,65.89,70.29,46.76,37.56
01/27/24 16:35:00,65.79,70.16,46.73,37.74
01/27/24 16:36:00,65.55,69.89,46.54,37.51
01/27/24 16:37:00,65.37,69.71,46.47,37.71
01/27/24 16:38:00,65.20,69.60,46.43,37.64
01/27/24 16:39:00,65.02,69.40,46.30,37.69
01/27/24 16:40:00,64.83,69.15,46.15,37.52
01/27/24 16:41:00,64.64,68.98,46.24,37.64
01/27/24 16:42:00,64.50,68.82,46.08,37.86
01/27/24 16:43:00,64.32,68.64,46.10,37.96
01/27/24 16:44:00,64.19,68.45,46.08,37.75
01/27/24 16:45:00,64.02,68.30,46.03,37.35
01/27/24 16:46:00,63.87,68.13,46.15,37.39
01/27/24 16:47:00,63.73,67.97,46.16,37.17
01/27/24 16:48:00,63.64,67.88,46.08,37.24
01/27/24 16:49:00,63.48,67.70,46.09,37.50
01/27/24 16:50:00,63.42,67.48,45.98,37.60
01/27/24 16:51:00,63.30,67.36,46.00,37.84
01/27/24 16:52:00,63.12,67.17,45.94,37.78
01/27/24 16:53:00,63.07,67.07,45.88,37.47
01/27/24 16:54:00,62.86,66.84,45.82,37.35
01/27/24 16:55:00,62.75,66.71,45.88,37.18
01/27/24 16:56:00,62.61,66.57,45.68,37.26
01/27/24 16:57:00,62.51,66.37,45.72,37.13
01/27/24 16:58:00,62.37,66.23,45.70,37.26
01/27/24 16:59:00,62.22,66.10,45.54,37.31
01/27/24 17:00:00,62.12,65.99,45.48,37.27
01/27/24 17:01:00,62.00,65.87,45.35,36.97
01/27/24 17:02:00,61.87,65.62,45.29,36.93
01/27/24 17:03:00,61.65,65.59,45.16,36.55
01/27/24 17:04:00,61.59,65.36,45.26,36.55
01/27/24 17:05:00,61.39,65.19,45.08,36.29
01/27/24 17:06:00,61.24,65.08,44.94,36.42
01/27/24 17:07:00,61.11,64.94,44.93,36.73
01/27/24 17:08:00,61.00,64.76,44.93,36.41
01/27/24 17:09:00,60.90,64.62,44.77,36.17
01/27/24 17:10:00,60.76,64.49,44.57,36.21
01/27/24 17:11:00,60.64,64.39,44.47,36.27
01/27/24 17:12:00,60.51,64.22,44.33,36.38
01/27/24 17:13:00,60.35,64.06,44.37,36.32
01/27/24 17:14:00,60.22,63.94,44.25,36.15
01/27/24 17:15:00,60.10,63.87,44.11,36.36
01/27/24 17:16:00,59.98,63.67,44.11,36.29
01/27/24 17:17:00,59.79,63.55,44.01,36.34
01/27/24 17:18:00,59.68,63.40,43.92,36.20
01/27/24 17:19:00,59.51,63.27,43.93,36.20
01/27/24 17:20:00,59.41,63.17,43.73,36.27
01/27/24 17:21:00,59.29,63.00,43.63,35.98
01/27/24 17:22:00,59.12,62.90,43.41,35.85
01/27/24 17:23:00,58.98,62.72,43.30,35.71
01/27/24 17:24:00,58.85,62.52,43.17,35.72
01/27/24 17:25:00,58.70,62.40,43.08,35.51
01/27/24 17:26:00,58.51,62.28,42.90,35.16
01/27/24 17:27:00,58.38,62.11,42.73,35.27
01/27/24 17:28:00,58.26,61.98,42.68,35.04
01/27/24 17:29:00,58.07,61.90,42.37,34.66
01/27/24 17:30:00,57.93,61.68,42.25,34.72
01/27/24 17:31:00,57.77,61.58,42.08,34.82
01/27/24 17:32:00,57.62,61.46,41.93,34.60
01/27/24 17:33:00,57.42,61.26,41.74,34.54
01/27/24 17:34:00,57.26,61.13,41.68,34.49
01/27/24 17:35:00,57.13,61.06,41.54,34.34
01/27/24 17:36:00,56.92,60.91,41.43,34.22
01/27/24 17:37:00,56.77,60.78,41.18,34.15
01/27/24 17:38:00,56.66,60.57,41.15,34.07
01/27/24 17:39:00,56.46,60.42,40.97,34.11
01/27/24 17:40:00,56.27,60.25,40.73,33.99
01/27/24 17:41:00,56.19,60.15,40.59,33.68
01/27/24 17:42:00,55.99,59.94,40.52,33.62
01/27/24 17:43:00,55.75,59.78,40.23,33.18
01/27/24 17:44:00,55.68,59.66,40.17,33.07
01/27/24 17:45:00,55.44,59.51,39.83,32.87
01/27/24 17:46:00,55.25,59.34,39.75,32.67
01/27/24 17:47:00,55.07,59.21,39.48,32.67
01/27/24 17:48:00,54.91,59.04,39.28,32.69
01/27/24 17:49:00,54.77,58.87,39.21,32.60
01/27/24 17:50:00,54.52,58.73,38.97,32.33
01/27/24 17:51:00,54.35,58.56,38.85,32.28
01/27/24 17:52:00,54.17,58.39,38.69,32.27
01/27/24 17:53:00,54.02,58.33,38.67,32.16
01/27/24 17:54:00,53.90,58.11,38.49,32.15
01/27/24 17:55:00,53.65,57.93,38.23,31.82
01/27/24 17:56:00,53.49,57.79,37.98,31.68
01/27/24 17:57:00,53.33,57.62,37.84,31.60
01/27/24 17:58:00,53.21,57.52,37.71,31.55
01/27/24 17:59:00,52.99,57.32,37.74,31.60
01/27/24 18:00:00,52.80,57.16,37.41,31.59
01/27/24 18:01:00,52.69,57.04,37.32,31.30
01/27/24 18:02:00,52.46,56.87,37.09,31.31
01/27/24 18:03:00,52.28,56.69,37.03,31.11
01/27/24 18:04:00,52.06,56.54,36.87,30.84
01/27/24 18:05:00,52.00,56.35,36.67,30.83
01/27/24 18:06:00,51.76,56.19,36.60,30.62
01/27/24 18:07:00,51.59,56.05,36.39,30.69
01/27/24 18:08:00,51.46,55.91,36.29,30.73
01/27/24 18:09:00,51.24,55.75,36.18,30.44
01/27/24 18:10:00,51.13,55.64,35.99,30.43
01/27/24 18:11:00,50.92,55.46,35.87,30.29
01/27/24 18:12:00,50.74,55.33,35.79,30.22
01/27/24 18:13:00,50.56,55.08,35.53,30.08
01/27/24 18:14:00,50.43,54.93,35.53,30.08
01/27/24 18:15:00,50.25,54.79,35.35,30.10
01/27/24 18:16:00,50.08,54.69,35.22,30.06
01/27/24 18:17:00,49.88,54.53,35.09,29.77
01/27/24 18:18:00,49.74,54.37,34.98,29.69
01/27/24 18:19:00,49.57,54.17,34.80,29.56
01/27/24 18:20:00,49.38,53.98,34.64,29.50
01/27/24 18:21:00,49.31,53.86,34.60,29.35
01/27/24 18:22:00,49.09,53.66,34.48,29.35
01/27/24 18:23:00,49.02,53.48,34.34,29.19
01/27/24 18:24:00,48.80,53.38,34.42,29.28
01/27/24 18:25:00,48.62,53.19,34.23,29.04
01/27/24 18:26:00,48.45,53.05,34.03,28.83
01/27/24 18:27:00,48.31,52.90,33.90,28.73
01/27/24 18:28:00,48.21,52.72,33.77,28.70
01/27/24 18:29:00,47.94,52.55,33.67,28.70
01/27/24 18:30:00,47.79,52.42,33.53,28.72
01/27/24 18:31:00,47.67,52.26,33.66,28.78
01/27/24 18:32:00,47.52,52.10,33.33,28.55
01/27/24 18:33:00,47.34,51.97,33.48,28.54
01/27/24 18:34:00,47.23,51.81,33.21,28.49
01/27/24 18:35:00,47.06,51.71,33.22,28.52
01/27/24 18:36:00,46.93,51.51,33.04,28.48
01/27/24 18:37:00,46.76,51.36,32.94,28.35
01/27/24 18:38:00,46.73,51.20,32.90,28.36
01/27/24 18:39:00,46.50,51.11,32.84,28.26
01/27/24 18:40:00,46.35,50.91,32.69,28.19
01/27/24 18:41:00,46.28,50.84,32.58,28.10
01/27/24 18:42:00,46.13,50.64,32.63,28.10
01/27/24 18:43:00,46.02,50.48,32.55,27.93
01/27/24 18:44:00,45.76,50.33,32.41,27.82
01/27/24 18:45:00,45.65,50.18,32.32,27.70
01/27/24 18:46:00,45.51,50.03,32.17,27.54
01/27/24 18:47:00,45.45,49.89,32.12,27.50
01/27/24 18:48:00,45.23,49.72,31.93,27.35
01/27/24 18:49:00,45.08,49.60,31.93,27.17
01/27/24 18:50:00,44.97,49.49,31.76,27.01
01/27/24 18:51:00,44.83,49.32,31.58,26.85
01/27/24 18:52:00,44.70,49.15,31.61,26.71
01/27/24 18:53:00,44.52,49.02,31.49,26.71
01/27/24 18:54:00,44.47,48.88,31.29,26.75
01/27/24 18:55:00,44.28,48.80,31.14,26.72
01/27/24 18:56:00,44.16,48.62,31.08,26.68
01/27/24 18:57:00,43.99,48.45,31.02,26.56
01/27/24 18:58:00,43.87,48.33,30.92,26.43
01/27/24 18:59:00,43.74,48.16,30.81,26.39
01/27/24 19:00:00,43.60,48.01,30.73,26.25
01/27/24 19:01:00,43.56,47.90,30.61,26.22
01/27/24 19:02:00,43.35,47.77,30.56,26.32
01/27/24 19:03:00,43.24,47.61,30.40,26.19
01/27/24 19:04:00,43.09,47.49,30.40,26.12
01/27/24 19:05:00,43.01,47.37,30.30,26.18
01/27/24 19:06:00,42.85,47.20,30.23,26.12
01/27/24 19:07:00,42.72,47.08,30.18,26.05
01/27/24 19:08:00,42.55,46.94,30.11,26.05
01/27/24 19:09:00,42.45,46.82,30.07,25.93
01/27/24 19:10:00,42.33,46.67,29.96,25.89
01/27/24 19:11:00,42.26,46.52,29.93,25.76
01/27/24 19:12:00,42.10,46.44,29.77,25.72
01/27/24 19:13:00,42.01,46.27,29.74,25.69
01/27/24 19:14:00,41.86,46.15,29.62,25.65
01/27/24 19:15:00,41.74,46.04,29.59,25.64
01/27/24 19:16:00,41.62,45.91,29.47,25.55
01/27/24 19:17:00,41.47,45.76,29.39,25.54
01/27/24 19:18:00,41.36,45.64,29.34,25.52
01/27/24 19:19:00,41.21,45.52,29.29,25.44
01/27/24 19:20:00,41.22,45.38,29.18,25.36
01/27/24 19:21:00,41.02,45.24,29.13,25.33
01/27/24 19:22:00,40.96,45.17,29.08,25.31
01/27/24 19:23:00,40.81,45.00,28.97,25.26
01/27/24 19:24:00,40.67,44.88,28.89,25.09
01/27/24 19:25:00,40.55,44.75,28.81,25.07
01/27/24 19:26:00,40.46,44.62,28.74,25.11
01/27/24 19:27:00,40.32,44.50,28.74,25.08
01/27/24 19:28:00,40.19,44.46,28.63,25.11
01/27/24 19:29:00,40.13,44.28,28.54,25.11
01/27/24 19:30:00,40.02,44.15,28.57,25.13
01/27/24 19:31:00,39.91,44.03,28.55,25.14
01/27/24 19:32:00,39.77,43.88,28.48,25.21
01/27/24 19:33:00,39.66,43.78,28.48,25.16
01/27/24 19:34:00,39.56,43.70,28.45,25.18
01/27/24 19:35:00,39.47,43.57,28.40,25.01
01/27/24 19:36:00,39.39,43.45,28.43,25.00
01/27/24 19:37:00,39.24,43.31,28.40,24.98
01/27/24 19:38:00,39.15,43.24,28.30,24.96
01/27/24 19:39:00,39.02,43.09,28.27,24.89
01/27/24 19:40:00,38.95,42.95,28.18,24.86
01/27/24 19:41:00,38.86,42.88,28.13,24.87
01/27/24 19:42:00,38.77,42.73,28.13,24.82
01/27/24 19:43:00,38.67,42.63,28.06,24.72
01/27/24 19:44:00,38.55,42.49,28.02,24.65
01/27/24 19:45:00,38.46,42.40,27.93,24.66
01/27/24 19:46:00,38.37,42.31,27.82,24.61
01/27/24 19:47:00,38.32,42.24,27.78,24.54
01/27/24 19:48:00,38.17,42.08,27.75,24.44
01/27/24 19:49:00,38.05,41.98,27.71,24.45
01/27/24 19:50:00,37.97,41.86,27.65,24.42
01/27/24 19:51:00,37.85,41.76,27.57,24.37
01/27/24 19:52:00,37.75,41.65,27.52,24.37
01/27/24 19:53:00,37.70,41.52,27.39,24.32
01/27/24 19:54:00,37.56,41.41,27.41,24.39
01/27/24 19:55:00,37.47,41.31,27.34,24.47
01/27/24 19:56:00,37.37,41.19,27.37,24.51
01/27/24 19:57:00,37.31,41.09,27.32,24.50
01/27/24 19:58:00,37.21,40.98,27.33,24.48
01/27/24 19:59:00,37.11,40.89,27.31,24.49
01/27/24 20:00:00,37.02,40.80,27.31,24.46
01/27/24 20:01:00,36.90,40.72,27.30,24.46
01/27/24 20:02:00,36.82,40.61,27.23,24.51
01/27/24 20:03:00,36.77,40.46,27.24,24.42
01/27/24 20:04:00,36.67,40.38,27.19,24.37
01/27/24 20:05:00,36.58,40.30,27.19,24.35
01/27/24 20:06:00,36.51,40.20,27.19,24.30
01/27/24 20:07:00,36.43,40.08,27.17,24.26
01/27/24 20:08:00,36.32,39.98,27.09,24.28
01/27/24 20:09:00,36.22,39.94,27.10,24.27
01/27/24 20:10:00,36.16,39.76,27.03,24.27
01/27/24 20:11:00,36.09,39.75,26.92,24.26
01/27/24 20:12:00,36.01,39.62,26.93,24.26
01/27/24 20:13:00,35.93,39.53,26.92,24.20
01/27/24 20:14:00,35.84,39.40,26.91,24.24
01/27/24 20:15:00,35.75,39.29,26.87,24.21
01/27/24 20:16:00,35.69,39.22,26.87,24.13
01/27/24 20:17:00,35.65,39.12,26.81,24.20
01/27/24 20:18:00,35.57,39.04,26.85,24.29
01/27/24 20:19:00,35.46,38.93,26.73,24.19
01/27/24 20:20:00,35.45,38.86,26.72,24.14
01/27/24 20:21:00,35.36,38.77,26.69,24.14
01/27/24 20:22:00,35.22,38.67,26.65,24.10
01/27/24 20:23:00,35.16,38.58,26.70,24.10
01/27/24 20:24:00,35.07,38.47,26.61,23.98
01/27/24 20:25:00,35.03,38.42,26.53,24.02
01/27/24 20:26:00,34.90,38.31,26.56,23.99
01/27/24 20:27:00,34.85,38.28,26.46,24.00
01/27/24 20:28:00,34.78,38.13,26.47,23.95
01/27/24 20:29:00,34.68,38.02,26.44,23.89
01/27/24 20:30:00,34.67,37.97,26.34,23.88
01/27/24 20:31:00,34.56,37.88,26.39,23.85
01/27/24 20:32:00,34.49,37.80,26.33,23.80
01/27/24 20:33:00,34.49,37.73,26.25,23.75
01/27/24 20:34:00,34.32,37.70,26.19,23.75
01/27/24 20:35:00,34.24,37.56,26.19,23.75
01/27/24 20:36:00,34.18,37.43,26.16,23.74
01/27/24 20:37:00,34.09,37.36,26.10,23.76
01/27/24 20:38:00,34.06,37.29,26.09,23.69
01/27/24 20:39:00,34.02,37.21,26.05,23.61
01/27/24 20:40:00,33.95,37.14,26.00,23.68
01/27/24 20:41:00,33.90,37.04,25.94,23.57
01/27/24 20:42:00,33.77,36.97,25.93,23.60
01/27/24 20:43:00,33.77,36.86,25.87,23.60
01/27/24 20:44:00,33.65,36.79,25.83,23.54
01/27/24 20:45:00,33.58,36.72,25.81,23.52
01/27/24 20:46:00,33.51,36.62,25.81,23.57
01/27/24 20:47:00,33.49,36.61,25.81,23.54
01/27/24 20:48:00,33.37,36.55,25.82,23.52
01/27/24 20:49:00,33.29,36.43,25.70,23.55
01/27/24 20:50:00,33.25,36.34,25.73,23.56
01/27/24 20:51:00,33.18,36.27,25.73,23.60
01/27/24 20:52:00,33.12,36.20,25.66,23.58
01/27/24 20:53:00,33.10,36.11,25.61,23.59
01/27/24 20:54:00,32.98,36.04,25.72,23.60
01/27/24 20:55:00,32.91,35.96,25.62,23.59
01/27/24 20:56:00,32.86,35.90,25.59,23.58
01/27/24 20:57:00,32.74,35.80,25.61,23.52
01/27/24 20:58:00,32.71,35.73,25.56,23.57
01/27/24 20:59:00,32.75,35.64,25.55,23.56
01/27/24 21:00:00,32.61,35.56,25.49,23.56
01/27/24 21:01:00,32.53,35.50,25.52,23.48
01/27/24 21:02:00,32.50,35.42,25.49,23.53
01/27/24 21:03:00,32.42,35.37,25.47,23.50
01/27/24 21:04:00,32.38,35.27,25.42,23.49
01/27/24 21:05:00,32.33,35.23,25.46,23.54
01/27/24 21:06:00,32.22,35.15,25.42,23.48
01/27/24 21:07:00,32.16,35.09,25.41,23.57
01/27/24 21:08:00,32.11,35.01,25.41,23.53
01/27/24 21:09:00,32.04,34.93,25.37,23.49
01/27/24 21:10:00,32.09,34.86,25.37,23.51
01/27/24 21:11:00,31.98,34.79,25.28,23.45
01/27/24 21:12:00,31.93,34.73,25.32,23.43
01/27/24 21:13:00,31.84,34.64,25.30,23.31
01/27/24 21:14:00,31.84,34.60,25.26,23.36
01/27/24 21:15:00,31.74,34.54,25.30,23.31
01/27/24 21:16:00,31.68,34.45,25.15,23.31
01/27/24 21:17:00,31.63,34.38,25.14,23.26
01/27/24 21:18:00,31.60,34.33,25.14,23.31
01/27/24 21:19:00,31.54,34.26,25.06,23.32
01/27/24 21:20:00,31.49,34.20,25.06,23.27
01/27/24 21:21:00,31.41,34.14,25.03,23.28
01/27/24 21:22:00,31.38,34.06,25.04,23.21
01/27/24 21:23:00,31.30,33.99,24.97,23.23
01/27/24 21:24:00,31.26,33.95,24.92,23.19
01/27/24 21:25:00,31.22,33.87,24.92,23.12
01/27/24 21:26:00,31.15,33.83,24.88,23.07
01/27/24 21:27:00,31.15,33.76,24.87,23.08
01/27/24 21:28:00,31.08,33.71,24.79,23.00
01/27/24 21:29:00,31.10,33.64,24.75,23.00
01/27/24 21:30:00,30.96,33.56,24.74,23.00
01/27/24 21:31:00,30.91,33.52,24.74,23.04
01/27/24 21:32:00,30.86,33.44,24.69,23.11
01/27/24 21:33:00,30.84,33.45,24.69,22.95
01/27/24 21:34:00,30.77,33.29,24.66,22.90
01/27/24 21:35:00,30.72,33.26,24.62,22.89
01/27/24 21:36:00,30.65,33.20,24.62,22.89
01/27/24 21:37:00,30.69,33.12,24.53,22.79
01/27/24 21:38:00,30.57,33.09,24.54,22.85
01/27/24 21:39:00,30.51,33.03,24.45,22.84
01/27/24 21:40:00,30.46,32.97,24.45,22.82
01/27/24 21:41:00,30.44,32.92,24.41,22.82
01/27/24 21:42:00,30.41,32.87,24.44,22.89
01/27/24 21:43:00,30.32,32.78,24.39,22.83
01/27/24 21:44:00,30.34,32.73,24.39,22.81
01/27/24 21:45:00,30.23,32.67,24.36,22.83
01/27/24 21:46:00,30.14,32.61,24.46,22.81
01/27/24 21:47:00,30.12,32.56,24.30,22.71
01/27/24 21:48:00,30.07,32.51,24.28,22.78
01/27/24 21:49:00,30.03,32.45,24.29,22.71
01/27/24 21:50:00,30.01,32.39,24.25,22.75
01/27/24 21:51:00,29.92,32.34,24.22,22.69
01/27/24 21:52:00,29.89,32.27,24.27,22.74
01/27/24 21:53:00,29.82,32.20,24.16,22.62
01/27/24 21:54:00,29.80,32.18,24.16,22.53
01/27/24 21:55:00,29.78,32.12,24.12,22.47
01/27/24 21:56:00,29.74,32.05,24.07,22.47
01/27/24 21:57:00,29.76,32.02,24.08,22.47
01/27/24 21:58:00,29.63,31.96,24.05,22.47
01/27/24 21:59:00,29.59,31.92,23.98,22.45
01/27/24 22:00:00,29.56,31.83,23.91,22.39
01/27/24 22:01:00,29.50,31.84,23.92,22.40
01/27/24 22:02:00,29.44,31.73,23.86,22.34
01/27/24 22:03:00,29.39,31.69,23.88,22.34
01/27/24 22:04:00,29.40,31.63,23.83,22.38
01/27/24 22:05:00,29.32,31.58,23.85,22.40
01/27/24 22:06:00,29.28,31.52,23.80,22.38
01/27/24 22:07:00,29.32,31.51,23.85,22.38
01/27/24 22:08:00,29.25,31.49,23.75,22.40
01/27/24 22:09:00,29.19,31.38,23.81,22.45
01/27/24 22:10:00,29.13,31.33,23.73,22.46
01/27/24 22:11:00,29.10,31.27,23.78,22.49
01/27/24 22:12:00,29.06,31.22,23.77,22.49
01/27/24 22:13:00,28.97,31.18,23.72,22.41
01/27/24 22:14:00,28.99,31.11,23.74,22.36
01/27/24 22:15:00,28.93,31.07,23.75,22.39
01/27/24 22:16:00,28.90,31.04,23.70,22.35
01/27/24 22:17:00,28.84,31.00,23.70,22.37
01/27/24 22:18:00,28.79,30.95,23.68,22.38
01/27/24 22:19:00,28.77,30.90,23.66,22.37
01/27/24 22:20:00,28.76,30.84,23.68,22.37
01/27/24 22:21:00,28.71,30.78,23.62,22.40
01/27/24 22:22:00,28.64,30.75,23.61,22.38
01/27/24 22:23:00,28.59,30.72,23.62,22.39
01/27/24 22:24:00,28.56,30.66,23.64,22.40
01/27/24 22:25:00,28.53,30.65,23.63,22.37
01/27/24 22:26:00,28.49,30.58,23.65,22.40
01/27/24 22:27:00,28.46,30.55,23.59,22.46
01/27/24 22:28:00,28.44,30.47,23.57,22.40
01/27/24 22:29:00,28.38,30.42,23.56,22.37
01/27/24 22:30:00,28.33,30.35,23.53,22.34
01/27/24 22:31:00,28.29,30.31,23.57,22.35
01/27/24 22:32:00,28.27,30.29,23.57,22.35
01/27/24 22:33:00,28.22,30.24,23.52,22.38
01/27/24 22:34:00,28.25,30.19,23.50,22.37
01/27/24 22:35:00,28.18,30.14,23.52,22.31
01/27/24 22:36:00,28.15,30.17,23.52,22.35
01/27/24 22:37:00,28.13,30.10,23.58,22.35
01/27/24 22:38:00,28.07,30.02,23.49,22.36
01/27/24 22:39:00,28.03,29.96,23.48,22.28
01/27/24 22:40:00,28.01,30.00,23.44,22.30
01/27/24 22:41:00,27.96,29.91,23.43,22.27
01/27/24 22:42:00,27.93,29.87,23.46,22.26
01/27/24 22:43:00,27.88,29.80,23.47,22.27
01/27/24 22:44:00,27.90,29.75,23.42,22.27
01/27/24 22:45:00,27.83,29.72,23.37,22.31
01/27/24 22:46:00,27.81,29.65,23.40,22.26
01/27/24 22:47:00,27.77,29.64,23.38,22.29
01/27/24 22:48:00,27.75,29.67,23.37,22.20
01/27/24 22:49:00,27.70,29.55,23.30,22.22
01/27/24 22:50:00,27.72,29.51,23.29,22.22
01/27/24 22:51:00,27.73,29.47,23.31,22.27
01/27/24 22:52:00,27.64,29.45,23.28,22.31
01/27/24 22:53:00,27.59,29.42,23.32,22.24
01/27/24 22:54:00,27.60,29.37,23.33,22.25
01/27/24 22:55:00,27.50,29.33,23.30,22.24
01/27/24 22:56:00,27.49,29.29,23.25,22.28
01/27/24 22:57:00,27.47,29.30,23.24,22.21
01/27/24 22:58:00,27.41,29.22,23.29,22.25
01/27/24 22:59:00,27.37,29.17,23.23,22.20
01/27/24 23:00:00,27.38,29.21,23.26,22.16
01/27/24 23:01:00,27.33,29.09,23.25,22.18
01/27/24 23:02:00,27.31,29.07,23.21,22.17
01/27/24 23:03:00,27.28,29.02,23.20,22.15
01/27/24 23:04:00,27.24,28.97,23.20,22.15
01/27/24 23:05:00,27.22,28.96,23.15,22.13
01/27/24 23:06:00,27.20,28.97,23.14,22.10
01/27/24 23:07:00,27.26,28.88,23.10,22.10
01/27/24 23:08:00,27.14,28.84,23.11,22.09
01/27/24 23:09:00,27.08,28.80,23.13,22.12
01/27/24 23:10:00,27.08,28.77,23.10,22.15
01/27/24 23:11:00,27.05,28.78,23.13,22.08
01/27/24 23:12:00,26.98,28.68,23.08,22.05
01/27/24 23:13:00,27.00,28.68,23.03,22.13
01/27/24 23:14:00,26.99,28.62,22.99,22.01
01/27/24 23:15:00,26.92,28.59,23.05,21.98
01/27/24 23:16:00,27.00,28.58,22.98,21.96
01/27/24 23:17:00,26.86,28.53,23.00,22.02
01/27/24 23:18:00,26.87,28.48,22.95,21.94
01/27/24 23:19:00,26.86,28.45,22.92,21.95
01/27/24 23:20:00,26.80,28.38,22.93,21.90
01/27/24 23:21:00,26.78,28.38,22.96,21.91
01/27/24 23:22:00,26.83,28.37,22.90,21.87
01/27/24 23:23:00,26.73,28.35,22.90,21.85
01/27/24 23:24:00,26.76,28.25,22.88,21.91
01/27/24 23:25:00,26.68,28.24,22.89,21.87
01/27/24 23:26:00,26.66,28.19,22.82,21.86
01/27/24 23:27:00,26.65,28.20,22.85,21.90
01/27/24 23:28:00,26.62,28.19,22.79,21.98
01/27/24 23:29:00,26.58,28.13,22.79,21.90
01/27/24 23:30:00,26.57,28.10,22.79,21.89
01/27/24 23:31:00,26.54,28.05,22.77,21.95
01/27/24 23:32:00,26.49,28.02,22.85,21.86
01/27/24 23:33:00,26.47,27.97,22.81,21.86
01/27/24 23:34:00,26.43,27.99,22.80,21.86
01/27/24 23:35:00,26.42,27.92,22.70,21.80
01/27/24 23:36:00,26.39,27.88,22.76,21.83
01/27/24 23:37:00,26.36,27.87,22.71,21.89
01/27/24 23:38:00,26.34,27.82,22.68,21.81
01/27/24 23:39:00,26.37,27.80,22.67,21.81
01/27/24 23:40:00,26.26,27.78,22.68,21.82
01/27/24 23:41:00,26.33,27.73,22.63,21.83
01/27/24 23:42:00,26.30,27.69,22.67,21.83
01/27/24 23:43:00,26.21,27.68,22.63,21.81
01/27/24 23:44:00,26.19,27.67,22.66,21.81
01/27/24 23:45:00,26.17,27.61,22.64,21.83
01/27/24 23:46:00,26.14,27.58,22.63,21.85
01/27/24 23:47:00,26.23,27.52,22.62,21.87
01/27/24 23:48:00,26.12,27.52,22.63,21.84
01/27/24 23:49:00,26.05,27.48,22.59,21.82
01/27/24 23:50:00,26.04,27.51,22.61,21.82
01/27/24 23:51:00,26.07,27.42,22.59,21.83
01/27/24 23:52:00,26.10,27.38,22.61,21.83
01/27/24 23:53:00,25.97,27.40,22.60,21.87
01/27/24 23:54:00,25.94,27.33,22.61,21.88
01/27/24 23:55:00,25.98,27.33,22.60,21.86
01/27/24 23:56:00,25.92,27.27,22.60,21.88
01/27/24 23:57:00,25.89,27.25,22.60,21.87
01/27/24 23:58:00,25.88,27.24,22.58,21.91
01/27/24 23:59:00,25.89,27.21,22.60,21.91
01/28/24 00:00:00,25.85,27.18,22.56,21.90
01/28/24 00:01:00,25.80,27.22,22.58,21.90
01/28/24 00:02:00,25.75,27.12,22.56,21.87
01/28/24 00:03:00,25.78,27.11,22.57,21.89
01/28/24 00:04:00,25.74,27.06,22.59,21.84
01/28/24 00:05:00,25.79,27.03,22.52,21.80
01/28/24 00:06:00,25.74,27.02,22.57,21.85
01/28/24 00:07:00,25.70,27.00,22.54,21.89
01/28/24 00:08:00,25.67,26.95,22.55,21.87
01/28/24 00:09:00,25.64,26.92,22.56,21.85
01/28/24 00:10:00,25.65,26.91,22.51,21.85
01/28/24 00:11:00,25.63,26.87,22.54,21.82
01/28/24 00:12:00,25.60,26.86,22.57,21.84
01/28/24 00:13:00,25.55,26.84,22.52,21.85
01/28/24 00:14:00,25.54,26.81,22.53,21.87
01/28/24 00:15:00,25.54,26.76,22.54,21.87
01/28/24 00:16:00,25.51,26.74,22.48,21.88
01/28/24 00:17:00,25.51,26.72,22.47,21.89
01/28/24 00:18:00,25.48,26.71,22.49,21.83
01/28/24 00:19:00,25.46,26.69,22.46,21.82
01/28/24 00:20:00,25.42,26.72,22.47,21.82
01/28/24 00:21:00,25.42,26.62,22.51,21.85
01/28/24 00:22:00,25.44,26.59,22.47,21.83
01/28/24 00:23:00,25.39,26.58,22.45,21.78
01/28/24 00:24:00,25.36,26.53,22.42,21.80
01/28/24 00:25:00,25.35,26.60,22.43,21.80
01/28/24 00:26:00,25.39,26.53,22.41,21.77
01/28/24 00:27:00,25.30,26.55,22.41,21.77
01/28/24 00:28:00,25.33,26.48,22.43,21.74
01/28/24 00:29:00,25.27,26.46,22.49,21.81
01/28/24 00:30:00,25.27,26.39,22.41,21.71
01/28/24 00:31:00,25.26,26.38,22.43,21.70
01/28/24 00:32:00,25.25,26.35,22.35,21.72
01/28/24 00:33:00,25.20,26.34,22.35,21.67
01/28/24 00:34:00,25.20,26.31,22.36,21.67
01/28/24 00:35:00,25.18,26.31,22.31,21.64
01/28/24 00:36:00,25.16,26.29,22.31,21.66
01/28/24 00:37:00,25.23,26.26,22.31,21.61
01/28/24 00:38:00,25.13,26.23,22.29,21.63
01/28/24 00:39:00,25.18,26.21,22.27,21.60
01/28/24 00:40:00,25.06,26.20,22.24,21.61
01/28/24 00:41:00,25.08,26.17,22.24,21.63
01/28/24 00:42:00,25.06,26.18,22.22,21.59
01/28/24 00:43:00,25.11,26.13,22.23,21.61
01/28/24 00:44:00,24.99,26.09,22.21,21.57
01/28/24 00:45:00,25.02,26.07,22.19,21.56
01/28/24 00:46:00,24.99,26.03,22.26,21.55
01/28/24 00:47:00,24.98,26.04,22.17,21.54
01/28/24 00:48:00,25.00,26.02,22.20,21.55
01/28/24 00:49:00,24.92,26.03,22.16,21.56
01/28/24 00:50:00,24.93,26.02,22.15,21.55
01/28/24 00:51:00,24.96,25.93,22.17,21.52
01/28/24 00:52:00,24.92,25.95,22.15,21.52
01/28/24 00:53:00,24.90,25.88,22.12,21.50
01/28/24 00:54:00,24.87,25.90,22.13,21.48
01/28/24 00:55:00,24.84,25.88,22.12,21.50
01/28/24 00:56:00,24.92,25.85,22.18,21.49
01/28/24 00:57:00,24.83,25.83,22.10,21.55
01/28/24 00:58:00,24.80,25.80,22.09,21.49
01/28/24 00:59:00,24.78,25.80,22.07,21.48
01/28/24 01:00:00,24.86,25.78,22.07,21.44
01/28/24 01:01:00,24.82,25.77,22.06,21.47
01/28/24 01:02:00,24.74,25.76,22.03,21.46
01/28/24 01:03:00,24.72,25.78,22.10,21.52
01/28/24 01:04:00,24.70,25.70,22.02,21.49
01/28/24 01:05:00,24.70,25.70,22.01,21.45
01/28/24 01:06:00,24.68,25.66,21.99,21.47
01/28/24 01:07:00,24.65,25.62,22.09,21.45
01/28/24 01:08:00,24.64,25.60,22.00,21.43
01/28/24 01:09:00,24.63,25.58,21.98,21.45
01/28/24 01:10:00,24.65,25.56,22.01,21.40
01/28/24 01:11:00,24.61,25.55,21.97,21.46
01/28/24 01:12:00,24.60,25.53,21.98,21.44
01/28/24 01:13:00,24.61,25.51,21.97,21.37
01/28/24 01:14:00,24.53,25.52,22.03,21.38
01/28/24 01:15:00,24.54,25.50,22.05,21.40
01/28/24 01:16:00,24.55,25.53,21.93,21.37
01/28/24 01:17:00,24.53,25.47,21.95,21.43
01/28/24 01:18:00,24.51,25.44,21.93,21.38
01/28/24 01:19:00,24.50,25.40,21.92,21.51
01/28/24 01:20:00,24.46,25.38,21.92,21.38
01/28/24 01:21:00,24.48,25.36,21.91,21.42
01/28/24 01:22:00,24.45,25.36,21.92,21.39
01/28/24 01:23:00,24.45,25.30,21.91,21.40
01/28/24 01:24:00,24.51,25.31,21.92,21.37
01/28/24 01:25:00,24.40,25.28,21.90,21.38
01/28/24 01:26:00,24.37,25.28,21.93,21.37
01/28/24 01:27:00,24.36,25.27,21.88,21.37
01/28/24 01:28:00,24.36,25.23,21.92,21.36
01/28/24 01:29:00,24.39,25.21,21.87,21.34
01/28/24 01:30:00,24.31,25.20,21.91,21.34
01/28/24 01:31:00,24.32,25.18,21.90,21.34
01/28/24 01:32:00,24.30,25.19,21.87,21.32
01/28/24 01:33:00,24.28,25.13,21.89,21.28
01/28/24 01:34:00,24.33,25.14,21.85,21.27
01/28/24 01:35:00,24.24,25.10,21.92,21.26
01/28/24 01:36:00,24.26,25.11,21.84,21.23
01/28/24 01:37:00,24.25,25.12,21.80,21.24
01/28/24 01:38:00,24.25,25.05,21.79,21.23
01/28/24 01:39:00,24.23,25.06,21.81,21.23
01/28/24 01:40:00,24.22,25.05,21.77,21.22
01/28/24 01:41:00,24.19,25.05,21.77,21.20
01/28/24 01:42:00,24.18,25.03,21.74,21.21
01/28/24 01:43:00,24.22,24.99,21.76,21.24
01/28/24 01:44:00,24.20,24.95,21.73,21.19
01/28/24 01:45:00,24.17,25.03,21.75,21.22
01/28/24 01:46:00,24.12,24.96,21.72,21.20
01/28/24 01:47:00,24.11,24.98,21.72,21.25
01/28/24 01:48:00,24.13,24.94,21.69,21.24
01/28/24 01:49:00,24.09,24.91,21.71,21.23
01/28/24 01:50:00,24.09,24.87,21.72,21.28
01/28/24 01:51:00,24.14,24.87,21.71,21.26
01/28/24 01:52:00,24.08,24.85,21.69,21.25
01/28/24 01:53:00,24.03,24.87,21.66,21.24
01/28/24 01:54:00,24.07,24.80,21.68,21.30
01/28/24 01:55:00,24.02,24.81,21.72,21.25
01/28/24 01:56:00,23.98,24.80,21.71,21.26
01/28/24 01:57:00,23.98,24.79,21.67,21.21
01/28/24 01:58:00,23.97,24.77,21.68,21.19
01/28/24 01:59:00,23.95,24.74,21.76,21.23
01/28/24 02:00:00,23.93,24.70,21.71,21.19
01/28/24 02:01:00,23.91,24.70,21.65,21.19
01/28/24 02:02:00,23.94,24.69,21.65,21.16
01/28/24 02:03:00,23.89,24.66,21.62,21.25
01/28/24 02:04:00,23.91,24.68,21.68,21.17
01/28/24 02:05:00,23.87,24.65,21.64,21.11
01/28/24 02:06:00,23.92,24.65,21.63,21.11
01/28/24 02:07:00,23.86,24.60,21.62,21.13
01/28/24 02:08:00,23.95,24.64,21.60,21.12
01/28/24 02:09:00,23.82,24.58,21.65,21.12
01/28/24 02:10:00,23.83,24.56,21.63,21.18
01/28/24 02:11:00,23.80,24.55,21.60,21.09
01/28/24 02:12:00,23.85,24.52,21.56,21.10
01/28/24 02:13:00,23.79,24.58,21.58,21.08
01/28/24 02:14:00,23.86,24.49,21.56,21.11
01/28/24 02:15:00,23.80,24.59,21.56,21.10
01/28/24 02:16:00,23.75,24.50,21.58,21.12
01/28/24 02:17:00,23.75,24.48,21.55,21.09
01/28/24 02:18:00,23.73,24.50,21.53,21.10
01/28/24 02:19:00,23.76,24.45,21.52,21.11
01/28/24 02:20:00,23.71,24.43,21.54,21.07
01/28/24 02:21:00,23.74,24.42,21.53,21.07
01/28/24 02:22:00,23.69,24.39,21.54,21.09
01/28/24 02:23:00,23.67,24.40,21.54,21.09
01/28/24 02:24:00,23.65,24.39,21.52,21.08
01/28/24 02:25:00,23.66,24.37,21.57,21.10
01/28/24 02:26:00,23.65,24.36,21.52,21.12
01/28/24 02:27:00,23.65,24.34,21.51,21.15
01/28/24 02:28:00,23.63,24.29,21.49,21.12
01/28/24 02:29:00,23.59,24.29,21.50,21.07
01/28/24 02:30:00,23.59,24.25,21.52,21.10
01/28/24 02:31:00,23.60,24.27,21.49,21.05
01/28/24 02:32:00,23.57,24.33,21.51,21.08
01/28/24 02:33:00,23.56,24.28,21.47,21.07
01/28/24 02:34:00,23.56,24.25,21.49,21.08
01/28/24 02:35:00,23.58,24.21,21.49,21.10
01/28/24 02:36:00,23.56,24.22,21.47,21.09
01/28/24 02:37:00,23.54,24.20,21.49,21.06
01/28/24 02:38:00,23.53,24.25,21.52,21.07
01/28/24 02:39:00,23.57,24.17,21.49,21.15
01/28/24 02:40:00,23.49,24.16,21.49,21.05
01/28/24 02:41:00,23.48,24.12,21.47,21.05
01/28/24 02:42:00,23.44,24.16,21.50,21.02
01/28/24 02:43:00,23.47,24.10,21.47,21.05
01/28/24 02:44:00,23.43,24.11,21.46,21.06
01/28/24 02:45:00,23.44,24.07,21.46,21.07
01/28/24 02:46:00,23.47,24.09,21.46,21.04
01/28/24 02:47:00,23.43,24.10,21.45,21.04
01/28/24 02:48:00,23.49,24.06,21.44,21.05
01/28/24 02:49:00,23.40,24.05,21.42,21.04
01/28/24 02:50:00,23.39,24.04,21.43,21.03
01/28/24 02:51:00,23.37,24.05,21.47,21.05
01/28/24 02:52:00,23.36,24.02,21.43,21.02
01/28/24 02:53:00,23.37,23.99,21.43,21.01
01/28/24 02:54:00,23.36,23.98,21.41,21.00
01/28/24 02:55:00,23.34,23.96,21.43,21.05
01/28/24 02:56:00,23.32,23.96,21.39,21.01
01/28/24 02:57:00,23.33,23.95,21.37,20.99
01/28/24 02:58:00,23.37,23.97,21.39,20.99
01/28/24 02:59:00,23.36,23.92,21.39,21.05
01/28/24 03:00:00,23.30,23.91,21.39,21.08
01/28/24 03:01:00,23.29,23.91,21.39,21.02
01/28/24 03:02:00,23.28,23.88,21.37,21.13
01/28/24 03:03:00,23.27,23.85,21.39,21.05
01/28/24 03:04:00,23.25,23.87,21.36,21.01
01/28/24 03:05:00,23.27,23.85,21.39,21.12
01/28/24 03:06:00,23.25,23.89,21.38,21.10
01/28/24 03:07:00,23.20,23.84,21.35,21.05
01/28/24 03:08:00,23.23,23.91,21.39,21.04
01/28/24 03:09:00,23.21,23.88,21.34,21.06
01/28/24 03:10:00,23.20,23.83,21.38,21.05
01/28/24 03:11:00,23.26,23.78,21.35,21.03
01/28/24 03:12:00,23.18,23.80,21.35,21.01
01/28/24 03:13:00,23.17,23.78,21.35,21.03
01/28/24 03:14:00,23.16,23.77,21.34,21.03
01/28/24 03:15:00,23.16,23.74,21.33,21.10
01/28/24 03:16:00,23.15,23.76,21.37,21.02
01/28/24 03:17:00,23.16,23.70,21.35,21.01
01/28/24 03:18:00,23.15,23.72,21.37,20.99
01/28/24 03:19:00,23.12,23.73,21.37,21.02
01/28/24 03:20:00,23.12,23.70,21.34,21.00
01/28/24 03:21:00,23.11,23.69,21.34,21.03
01/28/24 03:22:00,23.11,23.66,21.34,21.04
01/28/24 03:23:00,23.11,23.64,21.37,21.02
01/28/24 03:24:00,23.10,23.63,21.34,21.02
01/28/24 03:25:00,23.16,23.67,21.38,21.01
01/28/24 03:26:00,23.08,23.63,21.36,21.01
01/28/24 03:27:00,23.07,23.63,21.34,21.03
01/28/24 03:28:00,23.11,23.60,21.34,21.00
01/28/24 03:29:00,23.03,23.60,21.37,21.10
01/28/24 03:30:00,23.02,23.60,21.33,21.01
01/28/24 03:31:00,23.03,23.56,21.32,21.00
01/28/24 03:32:00,23.03,23.58,21.33,20.99
01/28/24 03:33:00,23.10,23.67,21.39,20.98
01/28/24 03:34:00,22.99,23.55,21.33,21.00
01/28/24 03:35:00,23.03,23.53,21.33,21.01
01/28/24 03:36:00,22.99,23.52,21.33,20.99
01/28/24 03:37:00,23.00,23.51,21.30,20.99
01/28/24 03:38:00,23.01,23.50,21.32,21.00
01/28/24 03:39:00,22.98,23.52,21.31,21.00
01/28/24 03:40:00,22.96,23.51,21.32,21.00
01/28/24 03:41:00,22.99,23.47,21.31,21.02
01/28/24 03:42:00,22.97,23.46,21.31,20.97
01/28/24 03:43:00,22.97,23.45,21.31,20.97
01/28/24 03:44:00,22.92,23.44,21.30,20.96
01/28/24 03:45:00,22.93,23.45,21.29,21.00
01/28/24 03:46:00,22.95,23.44,21.29,20.99
01/28/24 03:47:00,22.93,23.44,21.29,21.01
01/28/24 03:48:00,22.92,23.42,21.30,20.93
01/28/24 03:49:00,22.89,23.40,21.29,20.98
01/28/24 03:50:00,22.88,23.40,21.25,20.97
01/28/24 03:51:00,22.93,23.37,21.25,20.99
01/28/24 03:52:00,22.89,23.39,21.25,20.98
01/28/24 03:53:00,22.90,23.37,21.27,21.05
01/28/24 03:54:00,22.92,23.37,21.26,20.96
01/28/24 03:55:00,22.90,23.35,21.27,20.97
01/28/24 03:56:00,22.87,23.35,21.28,20.97
01/28/24 03:57:00,22.85,23.32,21.27,20.99
01/28/24 03:58:00,22.87,23.38,21.29,20.98
01/28/24 03:59:00,22.91,23.34,21.25,20.97
01/28/24 04:00:00,22.82,23.34,21.26,20.94
01/28/24 04:01:00,22.90,23.39,21.26,20.95
01/28/24 04:02:00,22.79,23.37,21.24,20.98
01/28/24 04:03:00,22.78,23.29,21.27,20.98
01/28/24 04:04:00,22.81,23.27,21.24,20.99
01/28/24 04:05:00,22.83,23.26,21.26,20.96
01/28/24 04:06:00,22.79,23.29,21.34,20.97
01/28/24 04:07:00,22.79,23.27,21.26,20.98
01/28/24 04:08:00,22.79,23.26,21.30,21.03
01/28/24 04:09:00,22.78,23.23,21.25,20.97
01/28/24 04:10:00,22.78,23.22,21.25,20.98
01/28/24 04:11:00,22.79,23.24,21.26,20.98
01/28/24 04:12:00,22.78,23.21,21.25,21.00
01/28/24 04:13:00,22.78,23.20,21.26,21.00
01/28/24 04:14:00,22.74,23.19,21.28,21.00
01/28/24 04:15:00,22.72,23.15,21.26,20.99
01/28/24 04:16:00,22.77,23.16,21.29,20.98
01/28/24 04:17:00,22.75,23.20,21.23,21.00
01/28/24 04:18:00,22.76,23.15,21.29,21.00
01/28/24 04:19:00,22.72,23.14,21.33,20.99
01/28/24 04:20:00,22.77,23.16,21.25,21.00
01/28/24 04:21:00,22.74,23.13,21.25,20.97
01/28/24 04:22:00,22.72,23.12,21.25,20.99
01/28/24 04:23:00,22.71,23.14,21.25,20.99
01/28/24 04:24:00,22.80,23.14,21.25,21.02
01/28/24 04:25:00,22.75,23.11,21.26,21.01
01/28/24 04:26:00,22.73,23.11,21.26,20.98
01/28/24 04:27:00,22.76,23.10,21.24,21.00
01/28/24 04:28:00,22.70,23.07,21.28,20.99
01/28/24 04:29:00,22.67,23.08,21.26,21.02
01/28/24 04:30:00,22.67,23.08,21.25,21.00
01/28/24 04:31:00,22.68,23.07,21.31,21.02
01/28/24 04:32:00,22.65,23.04,21.23,21.03
01/28/24 04:33:00,22.74,23.09,21.26,21.03
01/28/24 04:34:00,22.66,23.05,21.25,21.02
01/28/24 04:35:00,22.62,23.07,21.23,21.00
01/28/24 04:36:00,22.65,23.06,21.22,20.99
01/28/24 04:37:00,22.66,23.05,21.25,21.00
01/28/24 04:38:00,22.66,23.01,21.23,21.03
01/28/24 04:39:00,22.62,23.01,21.23,21.02
01/28/24 04:40:00,22.68,23.01,21.23,21.00
01/28/24 04:41:00,22.67,22.98,21.22,21.03
01/28/24 04:42:00,22.61,23.00,21.30,21.01
01/28/24 04:43:00,22.59,22.99,21.25,21.00
01/28/24 04:44:00,22.64,22.96,21.24,20.96
01/28/24 04:45:00,22.66,22.96,21.32,20.98
01/28/24 04:46:00,22.61,22.96,21.22,21.00
01/28/24 04:47:00,22.60,22.93,21.22,20.97
01/28/24 04:48:00,22.60,22.95,21.20,21.10
01/28/24 04:49:00,22.59,22.94,21.25,21.00
01/28/24 04:50:00,22.65,22.92,21.22,20.98
01/28/24 04:51:00,22.56,22.96,21.21,20.96
01/28/24 04:52:00,22.56,22.92,21.19,20.98
01/28/24 04:53:00,22.56,22.90,21.18,20.93
01/28/24 04:54:00,22.63,22.92,21.21,20.95
01/28/24 04:55:00,22.57,22.90,21.21,20.98
01/28/24 04:56:00,22.56,22.92,21.16,20.93
01/28/24 04:57:00,22.53,22.87,21.19,20.93
01/28/24 04:58:00,22.52,22.91,21.16,20.95
01/28/24 04:59:00,22.52,22.87,21.16,20.96
01/28/24 05:00:00,22.55,22.88,21.16,20.90
01/28/24 05:01:00,22.55,22.86,21.15,20.91
01/28/24 05:02:00,22.55,22.85,21.15,20.91
01/28/24 05:03:00,22.51,22.84,21.16,20.92
01/28/24 05:04:00,22.46,22.85,21.15,20.90
01/28/24 05:05:00,22.55,22.86,21.13,20.87
01/28/24 05:06:00,22.47,22.83,21.15,20.87
01/28/24 05:07:00,22.49,22.81,21.12,20.90
01/28/24 05:08:00,22.47,22.84,21.10,20.87
01/28/24 05:09:00,22.47,22.79,21.11,20.89
01/28/24 05:10:00,22.46,22.86,21.10,20.90
01/28/24 05:11:00,22.43,22.81,21.13,20.87
01/28/24 05:12:00,22.48,22.79,21.15,20.90
01/28/24 05:13:00,22.44,22.80,21.11,20.91
01/28/24 05:14:00,22.46,22.78,21.10,20.87
01/28/24 05:15:00,22.44,22.79,21.10,20.88
01/28/24 05:16:00,22.42,22.77,21.10,20.81
01/28/24 05:17:00,22.43,22.78,21.08,20.82
01/28/24 05:18:00,22.42,22.77,21.10,20.80
01/28/24 05:19:00,22.42,22.77,21.08,20.77
01/28/24 05:20:00,22.38,22.85,21.08,20.82
01/28/24 05:21:00,22.40,22.74,21.08,20.80
01/28/24 05:22:00,22.43,22.74,21.09,20.81
01/28/24 05:23:00,22.40,22.73,21.11,20.82
01/28/24 05:24:00,22.40,22.76,21.12,20.82
01/28/24 05:25:00,22.43,22.71,21.04,20.82
01/28/24 05:26:00,22.36,22.70,21.07,20.82
01/28/24 05:27:00,22.41,22.70,21.09,20.82
01/28/24 05:28:00,22.38,22.67,21.04,20.80
01/28/24 05:29:00,22.36,22.68,21.06,20.80
01/28/24 05:30:00,22.38,22.67,21.10,20.82
01/28/24 05:31:00,22.37,22.65,21.07,20.82
01/28/24 05:32:00,22.38,22.69,21.07,20.82
01/28/24 05:33:00,22.36,22.67,21.08,20.80
01/28/24 05:34:00,22.38,22.67,21.11,20.83
01/28/24 05:35:00,22.35,22.71,21.05,20.81
01/28/24 05:36:00,22.38,22.63,21.06,20.82
01/28/24 05:37:00,22.41,22.67,21.12,20.81
01/28/24 05:38:00,22.37,22.68,21.06,20.81
01/28/24 05:39:00,22.36,22.65,21.07,20.80
01/28/24 05:40:00,22.34,22.63,21.09,20.80
01/28/24 05:41:00,22.36,22.61,21.12,20.79
01/28/24 05:42:00,22.36,22.63,21.11,20.80
01/28/24 05:43:00,22.37,22.65,21.13,20.86
01/28/24 05:44:00,22.35,22.66,21.20,20.85
01/28/24 05:45:00,22.36,22.60,21.13,20.85
01/28/24 05:46:00,22.36,22.63,21.11,20.87
01/28/24 05:47:00,22.34,22.60,21.16,20.87
01/28/24 05:48:00,22.35,22.59,21.19,20.88
01/28/24 05:49:00,22.36,22.61,21.16,20.84
01/28/24 05:50:00,22.44,22.60,21.16,20.86
01/28/24 05:51:00,22.36,22.65,21.20,20.87
01/28/24 05:52:00,22.36,22.58,21.17,20.86
01/28/24 05:53:00,22.42,22.59,21.19,20.91
01/28/24 05:54:00,22.38,22.60,21.21,20.88
01/28/24 05:55:00,22.37,22.60,21.22,20.89
01/28/24 05:56:00,22.35,22.59,21.26,20.91
01/28/24 05:57:00,22.35,22.59,21.26,20.94
01/28/24 05:58:00,22.36,22.59,21.31,20.94
01/28/24 05:59:00,22.41,22.57,21.29,20.96
01/28/24 06:00:00,22.41,22.58,21.28,21.01
01/28/24 06:01:00,22.40,22.58,21.32,20.97
01/28/24 06:02:00,22.40,22.58,21.34,20.99
01/28/24 06:03:00,22.42,22.58,21.37,21.01
01/28/24 06:04:00,22.42,22.56,21.38,21.02
01/28/24 06:05:00,22.44,22.57,21.39,21.04
01/28/24 06:06:00,22.45,22.57,21.43,21.09
01/28/24 06:07:00,22.43,22.59,21.50,21.07
01/28/24 06:08:00,22.45,22.54,21.43,21.08
01/28/24 06:09:00,22.48,22.57,21.50,21.09
01/28/24 06:10:00,22.47,22.58,21.50,21.13
01/28/24 06:11:00,22.48,22.57,21.55,21.16
01/28/24 06:12:00,22.55,22.57,21.57,21.16
01/28/24 06:13:00,22.53,22.55,21.60,21.20
01/28/24 06:14:00,22.54,22.56,21.62,21.20
01/28/24 06:15:00,22.57,22.56,21.66,21.21
01/28/24 06:16:00,22.58,22.62,21.72,21.24
01/28/24 06:17:00,22.60,22.57,21.82,21.30
01/28/24 06:18:00,22.60,22.57,21.75,21.27
01/28/24 06:19:00,22.60,22.57,21.77,21.28
01/28/24 06:20:00,22.70,22.56,21.79,21.28
01/28/24 06:21:00,22.66,22.57,21.84,21.30
01/28/24 06:22:00,22.65,22.60,21.80,21.29
01/28/24 06:23:00,22.64,22.61,21.87,21.34
01/28/24 06:24:00,22.67,22.60,21.89,21.40
01/28/24 06:25:00,22.72,22.62,21.90,21.42
01/28/24 06:26:00,22.71,22.58,21.92,21.42
01/28/24 06:27:00,22.75,22.57,21.96,21.45
01/28/24 06:28:00,22.73,22.61,21.98,21.47
01/28/24 06:29:00,22.83,22.61,21.99,21.43
01/28/24 06:30:00,22.83,22.61,22.02,21.46
01/28/24 06:31:00,22.79,22.62,22.07,21.51
01/28/24 06:32:00,22.79,22.65,22.04,21.49
01/28/24 06:33:00,22.81,22.64,22.05,21.52
01/28/24 06:34:00,22.82,22.62,22.04,21.50
01/28/24 06:35:00,22.82,22.65,22.13,21.52
01/28/24 06:36:00,22.84,22.66,22.15,21.58
01/28/24 06:37:00,22.90,22.67,22.12,21.54
01/28/24 06:38:00,22.88,22.68,22.18,21.54
01/28/24 06:39:00,22.85,22.69,22.17,21.55
01/28/24 06:40:00,22.92,22.66,22.18,21.56
01/28/24 06:41:00,22.95,22.65,22.21,21.59
01/28/24 06:42:00,22.93,22.69,22.23,21.58
01/28/24 06:43:00,22.95,22.68,22.24,21.68
01/28/24 06:44:00,22.99,22.69,22.26,21.65
01/28/24 06:45:00,23.00,22.69,22.28,21.65
01/28/24 06:46:00,23.02,22.68,22.28,21.64
01/28/24 06:47:00,22.99,22.71,22.29,21.68
01/28/24 06:48:00,23.03,22.71,22.30,21.64
01/28/24 06:49:00,23.06,22.72,22.29,21.66
01/28/24 06:50:00,23.01,22.74,22.32,21.64
01/28/24 06:51:00,23.06,22.73,22.31,21.70
01/28/24 06:52:00,23.04,22.74,22.33,21.71
01/28/24 06:53:00,23.07,22.75,22.34,21.69
01/28/24 06:54:00,23.05,22.75,22.34,21.70
01/28/24 06:55:00,23.08,22.79,22.30,21.70
01/28/24 06:56:00,23.07,22.78,22.31,21.69
01/28/24 06:57:00,23.08,22.78,22.31,21.71
01/28/24 06:58:00,23.05,22.84,22.34,21.73
01/28/24 06:59:00,23.10,22.81,22.37,21.71
01/28/24 07:00:00,23.12,22.82,22.34,21.72
01/28/24 07:01:00,23.10,22.81,22.35,21.76
01/28/24 07:02:00,23.14,22.82,22.41,21.75
01/28/24 07:03:00,23.17,22.82,22.36,21.78
01/28/24 07:04:00,23.14,22.84,22.45,21.81
01/28/24 07:05:00,23.18,22.85,22.50,21.87
01/28/24 07:06:00,23.17,22.85,22.51,21.86
01/28/24 07:07:00,23.18,22.87,22.68,21.95
01/28/24 07:08:00,23.24,22.89,22.68,22.00
01/28/24 07:09:00,23.26,22.87,22.81,22.04
01/28/24 07:10:00,23.31,22.90,22.91,22.13
01/28/24 07:11:00,23.38,22.90,23.00,22.21
01/28/24 07:12:00,23.43,22.91,23.10,22.21
01/28/24 07:13:00,23.46,22.95,23.20,22.27
01/28/24 07:14:00,23.57,22.97,23.30,22.36
01/28/24 07:15:00,23.56,22.94,23.36,22.44
01/28/24 07:16:00,23.62,22.97,23.37,22.46
01/28/24 07:17:00,23.66,23.02,23.41,22.50
01/28/24 07:18:00,23.68,23.00,23.42,22.52
01/28/24 07:19:00,23.72,23.02,23.48,22.61
01/28/24 07:20:00,23.74,23.07,23.52,22.56
01/28/24 07:21:00,23.77,23.08,23.54,22.58
01/28/24 07:22:00,23.83,23.08,23.52,22.60
01/28/24 07:23:00,23.82,23.14,23.51,22.58
01/28/24 07:24:00,23.85,23.09,23.55,22.50
01/28/24 07:25:00,23.86,23.11,23.54,22.55
01/28/24 07:26:00,23.92,23.15,23.57,22.54
01/28/24 07:27:00,23.88,23.18,23.63,22.58
01/28/24 07:28:00,23.89,23.19,23.67,22.64
01/28/24 07:29:00,23.93,23.20,23.77,22.71
01/28/24 07:30:00,24.07,23.25,23.87,22.83
01/28/24 07:31:00,24.04,23.33,23.93,22.87
01/28/24 07:32:00,24.16,23.26,24.01,22.94
01/28/24 07:33:00,24.18,23.27,24.09,23.05
01/28/24 07:34:00,24.18,23.28,24.22,23.06
01/28/24 07:35:00,24.23,23.34,24.40,23.20
01/28/24 07:36:00,24.37,23.35,24.60,23.28
01/28/24 07:37:00,24.40,23.38,24.75,23.40
01/28/24 07:38:00,24.50,23.41,24.97,23.53
01/28/24 07:39:00,24.59,23.44,25.06,23.65
01/28/24 07:40:00,24.68,23.56,25.24,23.77
01/28/24 07:41:00,24.85,23.59,25.39,23.86
01/28/24 07:42:00,24.89,23.53,25.56,24.00
01/28/24 07:43:00,24.91,23.57,25.70,24.12
01/28/24 07:44:00,25.02,23.60,25.81,24.11
01/28/24 07:45:00,25.12,23.64,25.94,24.16
01/28/24 07:46:00,25.23,23.71,26.04,24.23
01/28/24 07:47:00,25.26,23.76,26.18,24.29
01/28/24 07:48:00,25.36,23.80,26.27,24.34
01/28/24 07:49:00,25.42,23.82,26.40,24.40
01/28/24 07:50:00,25.52,23.83,26.49,24.46
01/28/24 07:51:00,25.69,23.92,26.54,24.42
01/28/24 07:52:00,25.67,23.97,26.59,24.53
01/28/24 07:53:00,25.71,23.99,26.71,24.57
01/28/24 07:54:00,25.90,24.01,26.75,24.64
01/28/24 07:55:00,25.82,24.08,26.75,24.67
01/28/24 07:56:00,25.90,24.16,26.81,24.71
01/28/24 07:57:00,26.01,24.22,26.87,24.72
01/28/24 07:58:00,25.99,24.24,26.91,24.71
01/28/24 07:59:00,26.10,24.29,26.94,24.75
01/28/24 08:00:00,26.15,24.33,26.99,24.75
01/28/24 08:01:00,26.16,24.36,27.06,24.77
01/28/24 08:02:00,26.20,24.44,27.11,24.86
01/28/24 08:03:00,26.36,24.48,27.18,24.92
01/28/24 08:04:00,26.34,24.52,27.28,25.04
01/28/24 08:05:00,26.39,24.58,27.38,25.10
01/28/24 08:06:00,26.50,24.62,27.44,25.08
01/28/24 08:07:00,26.56,24.65,27.50,25.07
01/28/24 08:08:00,26.62,24.69,27.63,25.02
01/28/24 08:09:00,26.73,24.76,27.75,25.19
01/28/24 08:10:00,26.81,24.80,27.85,25.36
01/28/24 08:11:00,26.87,24.85,27.93,25.41
01/28/24 08:12:00,27.06,24.93,28.06,25.53
01/28/24 08:13:00,27.09,24.99,28.19,25.58
01/28/24 08:14:00,27.14,25.02,28.29,25.72
01/28/24 08:15:00,27.33,25.12,28.41,25.84
01/28/24 08:16:00,27.31,25.09,28.57,26.02
01/28/24 08:17:00,27.48,25.20,28.80,26.05
01/28/24 08:18:00,27.56,25.30,28.96,26.20
01/28/24 08:19:00,27.67,25.27,29.19,26.37
01/28/24 08:20:00,27.78,25.34,29.44,26.40
01/28/24 08:21:00,27.97,25.45,29.63,26.48
01/28/24 08:22:00,28.01,25.52,29.89,26.61
01/28/24 08:23:00,28.21,25.57,30.05,26.83
01/28/24 08:24:00,28.34,25.63,30.30,27.02
01/28/24 08:25:00,28.47,25.79,30.60,27.16
01/28/24 08:26:00,28.61,25.85,30.73,27.37
01/28/24 08:27:00,28.75,25.88,30.96,27.55
01/28/24 08:28:00,28.92,25.95,31.19,27.65
01/28/24 08:29:00,29.04,26.04,31.37,27.75
01/28/24 08:30:00,29.25,26.21,31.52,27.83
01/28/24 08:31:00,29.31,26.18,31.69,27.92
01/28/24 08:32:00,29.45,26.32,31.88,28.01
01/28/24 08:33:00,29.59,26.40,32.12,28.25
01/28/24 08:34:00,29.73,26.45,32.19,28.24
01/28/24 08:35:00,29.89,26.61,32.36,28.19
01/28/24 08:36:00,29.97,26.65,32.48,28.26
01/28/24 08:37:00,30.04,26.70,32.55,28.29
01/28/24 08:38:00,30.17,26.81,32.75,28.26
01/28/24 08:39:00,30.33,26.91,32.82,28.38
01/28/24 08:40:00,30.45,27.05,32.97,28.40
01/28/24 08:41:00,30.58,27.09,33.03,28.48
01/28/24 08:42:00,30.70,27.25,33.13,28.44
01/28/24 08:43:00,30.84,27.29,33.24,28.61
01/28/24 08:44:00,30.93,27.38,33.35,28.83
01/28/24 08:45:00,31.16,27.48,33.49,29.04
01/28/24 08:46:00,31.21,27.59,33.56,29.37
01/28/24 08:47:00,31.31,27.67,33.78,29.42
01/28/24 08:48:00,31.64,27.99,33.55,25.82
01/28/24 08:49:00,33.17,374.57,33.14,25.94
01/28/24 08:50:00,30.18,538.18,32.79,25.78
01/28/24 08:51:00,31.01,538.18,32.99,29.65
01/28/24 08:52:00,28.98,538.18,32.95,29.61
01/28/24 08:53:00,29.00,538.18,32.21,29.25
01/28/24 08:54:00,30.06,29.44,31.96,25.50
01/28/24 08:55:00,29.47,30.71,31.94,26.23
01/28/24 08:56:00,29.86,30.04,32.26,29.16
01/28/24 08:57:00,30.04,30.04,32.61,29.40
01/28/24 08:58:00,29.55,30.51,32.87,29.40
01/28/24 08:59:00,29.68,30.35,33.11,29.55
01/28/24 09:00:00,30.14,30.25,33.38,29.72
01/28/24 09:01:00,30.26,30.44,33.71,29.89
01/28/24 09:02:00,30.32,30.66,34.04,30.13
01/28/24 09:03:00,30.49,30.72,34.32,30.41
01/28/24 09:04:00,30.74,30.81,34.75,30.57
01/28/24 09:05:00,30.94,30.94,35.11,30.78
01/28/24 09:06:00,30.66,31.70,35.45,31.06
01/28/24 09:07:00,29.80,32.21,35.84,31.48
01/28/24 09:08:00,29.78,32.65,36.24,31.83
01/28/24 09:09:00,30.18,32.51,36.68,32.05
01/28/24 09:10:00,30.27,32.82,37.08,32.34
01/28/24 09:11:00,30.69,32.98,37.71,32.61
01/28/24 09:12:00,31.15,33.14,38.12,32.46
01/28/24 09:13:00,31.69,33.29,38.58,32.63
01/28/24 09:14:00,32.38,33.05,38.88,32.82
01/28/24 09:15:00,31.77,34.23,39.40,33.34
01/28/24 09:16:00,32.35,34.39,40.14,33.99
01/28/24 09:17:00,32.95,34.56,41.07,34.49
01/28/24 09:18:00,33.77,34.88,42.20,34.91
01/28/24 09:19:00,34.60,35.01,43.12,35.58
01/28/24 09:20:00,35.78,35.19,44.66,36.50
01/28/24 09:21:00,37.12,35.42,45.91,37.60
01/28/24 09:22:00,38.39,35.69,47.19,38.43
01/28/24 09:23:00,39.32,35.92,48.48,39.47
01/28/24 09:24:00,40.33,36.19,49.67,40.38
01/28/24 09:25:00,41.29,36.54,50.94,41.16
01/28/24 09:26:00,42.17,36.74,52.05,41.90
01/28/24 09:27:00,42.89,37.03,53.10,42.31
01/28/24 09:28:00,43.62,37.36,54.06,42.83
01/28/24 09:29:00,44.41,37.55,55.15,43.53
01/28/24 09:30:00,45.08,37.97,56.02,43.76
01/28/24 09:31:00,45.81,38.22,56.86,44.49
01/28/24 09:32:00,47.70,36.96,57.80,44.80
01/28/24 09:33:00,48.43,37.58,58.73,45.55
01/28/24 09:34:00,49.01,37.91,59.58,45.60
01/28/24 09:35:00,49.63,38.30,60.40,45.86
01/28/24 09:36:00,50.05,38.88,61.25,46.55
01/28/24 09:37:00,50.58,39.32,61.97,47.06
01/28/24 09:38:00,50.96,39.89,62.79,47.49
01/28/24 09:39:00,51.48,40.37,63.53,48.31
01/28/24 09:40:00,51.87,40.82,64.27,48.79
01/28/24 09:41:00,52.40,41.26,65.05,49.35
01/28/24 09:42:00,52.99,41.58,65.66,49.88
01/28/24 09:43:00,53.47,42.08,66.23,49.93
01/28/24 09:44:00,54.00,42.51,66.84,50.32
01/28/24 09:45:00,54.47,42.91,67.39,51.16
01/28/24 09:46:00,54.97,43.39,68.01,51.30
01/28/24 09:47:00,55.66,43.71,68.61,51.33
01/28/24 09:48:00,55.97,44.29,69.05,51.40
01/28/24 09:49:00,56.54,44.62,69.58,52.13
01/28/24 09:50:00,57.08,45.04,70.14,53.06
01/28/24 09:51:00,57.67,45.49,70.77,53.74
01/28/24 09:52:00,58.43,45.85,71.30,54.24
01/28/24 09:53:00,58.95,46.26,71.94,54.60
01/28/24 09:54:00,59.45,46.71,72.47,54.69
01/28/24 09:55:00,60.04,47.00,72.98,54.70
01/28/24 09:56:00,60.20,47.71,73.46,54.48
01/28/24 09:57:00,60.58,48.26,74.02,55.38
01/28/24 09:58:00,61.53,48.54,74.47,55.84
01/28/24 09:59:00,61.87,49.14,74.89,56.17
01/28/24 10:00:00,62.42,49.41,75.37,57.00
01/28/24 10:01:00,62.81,49.91,75.87,56.81
01/28/24 10:02:00,63.36,50.26,76.30,56.48
01/28/24 10:03:00,63.78,50.78,76.65,56.44
01/28/24 10:04:00,64.41,51.26,77.12,56.76
01/28/24 10:05:00,64.94,51.64,77.59,56.78
01/28/24 10:06:00,65.21,52.14,78.00,57.37
01/28/24 10:07:00,65.92,52.46,78.46,57.94
01/28/24 10:08:00,66.34,52.94,79.09,58.20
01/28/24 10:09:00,66.78,53.48,79.49,58.78
01/28/24 10:10:00,67.13,53.90,79.91,59.20
01/28/24 10:11:00,67.72,54.28,80.33,58.72
01/28/24 10:12:00,68.38,54.58,80.62,57.83
01/28/24 10:13:00,68.87,54.94,80.92,57.76
01/28/24 10:14:00,69.85,55.31,81.24,59.39
01/28/24 10:15:00,70.50,55.76,81.59,60.60
01/28/24 10:16:00,70.89,56.22,82.01,60.58
01/28/24 10:17:00,71.31,56.58,82.29,60.05
01/28/24 10:18:00,71.78,57.08,82.60,59.40
01/28/24 10:19:00,72.18,57.48,82.74,59.41
01/28/24 10:20:00,72.68,57.95,83.01,59.74
01/28/24 10:21:00,73.22,58.34,83.31,59.85
01/28/24 10:22:00,73.73,58.71,83.57,60.40
01/28/24 10:23:00,74.32,59.06,83.81,60.14
01/28/24 10:24:00,75.02,59.28,84.29,60.29
01/28/24 10:25:00,75.80,59.56,84.63,61.47
01/28/24 10:26:00,76.52,59.66,85.04,61.40
01/28/24 10:27:00,81.32,55.70,85.59,61.95
01/28/24 10:28:00,81.78,56.17,86.02,62.10
01/28/24 10:29:00,82.18,56.61,86.46,62.23
01/28/24 10:30:00,82.61,57.09,86.66,61.61
01/28/24 10:31:00,83.03,57.49,86.97,61.84
01/28/24 10:32:00,83.48,57.92,87.27,61.81
01/28/24 10:33:00,83.85,58.34,87.89,62.26
01/28/24 10:34:00,84.25,58.90,88.44,63.58
01/28/24 10:35:00,84.71,59.27,89.20,64.47
01/28/24 10:36:00,85.17,59.76,89.75,64.20
01/28/24 10:37:00,85.54,60.19,90.30,64.53
01/28/24 10:38:00,85.99,60.59,90.82,65.17
01/28/24 10:39:00,86.41,61.09,91.31,65.30
01/28/24 10:40:00,86.88,61.54,91.83,64.76
01/28/24 10:41:00,87.31,62.02,92.32,65.60
01/28/24 10:42:00,87.79,62.49,92.80,65.45
01/28/24 10:43:00,88.15,62.87,93.31,65.76
01/28/24 10:44:00,88.59,63.36,93.87,66.30
01/28/24 10:45:00,89.01,63.78,94.41,66.51
01/28/24 10:46:00,89.41,64.23,94.97,66.34
01/28/24 10:47:00,89.87,64.71,95.46,66.77
01/28/24 10:48:00,90.27,65.11,95.94,66.72
01/28/24 10:49:00,90.66,65.57,96.35,67.38
01/28/24 10:50:00,91.05,66.11,96.85,67.00
01/28/24 10:51:00,91.44,66.48,97.27,66.40
01/28/24 10:52:00,91.83,66.99,97.63,66.39
01/28/24 10:53:00,92.29,67.39,97.91,66.23
01/28/24 10:54:00,92.75,67.82,97.92,65.94
01/28/24 10:55:00,93.17,68.34,98.27,66.71
01/28/24 10:56:00,93.64,68.85,98.45,67.81
01/28/24 10:57:00,93.96,69.30,98.74,68.08
01/28/24 10:58:00,94.60,69.73,99.24,69.26
01/28/24 10:59:00,95.06,70.23,99.73,70.44
01/28/24 11:00:00,95.41,70.57,100.31,70.73
01/28/24 11:01:00,95.63,71.08,100.77,71.34
01/28/24 11:02:00,95.96,71.50,101.26,70.80
01/28/24 11:03:00,96.33,71.98,101.55,70.62
01/28/24 11:04:00,96.72,72.41,102.08,70.19
01/28/24 11:05:00,97.12,72.86,102.45,70.60
01/28/24 11:06:00,97.47,73.36,102.81,70.62
01/28/24 11:07:00,98.10,73.81,103.39,71.69
01/28/24 11:08:00,98.49,74.32,104.18,71.10
01/28/24 11:09:00,98.81,74.75,104.36,72.38
01/28/24 11:10:00,99.13,75.14,104.99,72.91
01/28/24 11:11:00,99.50,75.57,105.45,73.58
01/28/24 11:12:00,99.82,76.05,105.95,74.23
01/28/24 11:13:00,100.13,76.48,106.59,74.60
01/28/24 11:14:00,100.42,76.92,106.91,74.26
01/28/24 11:15:00,100.77,77.29,107.22,73.69
01/28/24 11:16:00,101.10,77.74,107.58,73.87
01/28/24 11:17:00,101.49,78.17,107.63,72.85
01/28/24 11:18:00,101.73,78.58,107.52,72.72
01/28/24 11:19:00,102.03,79.00,107.28,72.39
01/28/24 11:20:00,102.47,79.44,107.41,73.97
01/28/24 11:21:00,102.90,79.87,107.63,74.43
01/28/24 11:22:00,103.16,80.26,107.74,74.38
01/28/24 11:23:00,103.45,80.66,107.70,73.83
01/28/24 11:24:00,103.77,81.19,107.81,74.02
01/28/24 11:25:00,104.11,81.60,107.92,74.66
01/28/24 11:26:00,104.34,81.98,108.16,75.05
01/28/24 11:27:00,104.65,82.40,108.33,74.58
01/28/24 11:28:00,104.97,82.79,108.23,74.48
01/28/24 11:29:00,105.23,83.20,108.02,74.13
01/28/24 11:30:00,105.52,83.64,107.69,73.69
01/28/24 11:31:00,105.79,84.00,107.39,73.98
01/28/24 11:32:00,106.16,84.45,107.14,73.76
01/28/24 11:33:00,106.37,84.77,106.90,72.74
01/28/24 11:34:00,106.66,85.24,106.68,73.16
01/28/24 11:35:00,106.89,85.62,106.52,72.76
01/28/24 11:36:00,107.19,86.01,106.37,72.63
01/28/24 11:37:00,107.45,86.43,106.31,72.58
01/28/24 11:38:00,107.74,86.79,106.22,73.03
01/28/24 11:39:00,107.96,87.16,106.40,73.09
01/28/24 11:40:00,108.20,87.53,106.48,72.77
01/28/24 11:41:00,108.41,87.94,106.56,73.58
01/28/24 11:42:00,108.63,88.30,106.88,72.72
01/28/24 11:43:00,108.87,88.68,107.08,71.59
01/28/24 11:44:00,109.09,89.02,107.38,72.53
01/28/24 11:45:00,109.41,89.37,107.65,72.14
01/28/24 11:46:00,109.62,89.73,107.69,72.73
01/28/24 11:47:00,109.83,90.07,107.58,72.27
01/28/24 11:48:00,109.95,90.40,107.59,72.76
01/28/24 11:49:00,110.30,90.71,107.56,73.33
01/28/24 11:50:00,110.56,91.06,107.67,74.08
01/28/24 11:51:00,110.69,91.34,107.61,72.86
01/28/24 11:52:00,110.88,91.70,107.47,73.41
01/28/24 11:53:00,111.08,91.99,107.38,72.11
01/28/24 11:54:00,111.23,92.38,107.21,72.20
01/28/24 11:55:00,111.38,92.70,107.01,72.74
01/28/24 11:56:00,111.59,93.01,106.92,74.23
01/28/24 11:57:00,111.76,93.25,106.90,74.83
01/28/24 11:58:00,111.97,93.62,106.94,75.39
01/28/24 11:59:00,112.13,93.82,107.04,76.32
01/28/24 12:00:00,112.28,94.21,107.23,76.49
01/28/24 12:01:00,112.54,94.48,107.06,75.01
01/28/24 12:02:00,112.61,94.74,106.89,74.76
01/28/24 12:03:00,112.80,95.04,106.82,73.94
01/28/24 12:04:00,112.94,95.28,106.54,74.49
01/28/24 12:05:00,113.11,95.50,106.36,74.40
01/28/24 12:06:00,113.40,95.80,106.29,72.74
01/28/24 12:07:00,113.58,96.01,106.08,72.93
01/28/24 12:08:00,113.69,96.25,105.91,74.52
01/28/24 12:09:00,113.88,96.50,106.05,74.00
01/28/24 12:10:00,114.03,96.80,105.89,74.62
01/28/24 12:11:00,114.14,96.97,105.86,73.87
01/28/24 12:12:00,114.22,97.15,105.76,74.15
01/28/24 12:13:00,114.40,97.39,105.89,73.96
01/28/24 12:14:00,114.56,97.53,105.89,73.94
01/28/24 12:15:00,114.57,97.72,106.16,74.00
01/28/24 12:16:00,114.77,97.95,106.36,74.69
01/28/24 12:17:00,114.88,98.00,106.38,74.39
01/28/24 12:18:00,114.95,98.22,106.65,74.66
01/28/24 12:19:00,115.00,98.30,106.83,75.01
01/28/24 12:20:00,114.98,98.47,107.51,74.29
01/28/24 12:21:00,115.01,98.48,108.58,75.34
01/28/24 12:22:00,115.07,98.56,108.99,75.51
01/28/24 12:23:00,115.11,98.65,108.85,75.25
01/28/24 12:24:00,115.16,98.66,108.33,75.14
01/28/24 12:25:00,115.33,98.71,108.26,75.54
01/28/24 12:26:00,115.22,98.73,108.19,75.06
01/28/24 12:27:00,115.23,98.78,107.96,74.77
01/28/24 12:28:00,115.25,98.76,107.55,75.40
01/28/24 12:29:00,115.35,98.76,107.86,73.10
01/28/24 12:30:00,115.33,98.76,107.34,72.90
01/28/24 12:31:00,115.25,98.76,107.36,73.10
01/28/24 12:32:00,115.19,98.82,107.03,73.41
01/28/24 12:33:00,115.13,98.88,106.72,72.63
01/28/24 12:34:00,115.14,98.84,106.86,71.63
01/28/24 12:35:00,115.13,98.87,106.38,72.19
01/28/24 12:36:00,115.14,98.98,106.30,72.67
01/28/24 12:37:00,115.05,98.97,106.03,72.44
01/28/24 12:38:00,114.95,98.93,105.93,72.17
01/28/24 12:39:00,114.93,99.02,105.81,72.49
01/28/24 12:40:00,114.92,98.99,105.54,72.01
01/28/24 12:41:00,114.81,98.89,105.33,72.68
01/28/24 12:42:00,114.78,98.95,105.08,72.66
01/28/24 12:43:00,114.78,98.95,105.34,72.72
01/28/24 12:44:00,114.72,98.94,105.09,73.21
01/28/24 12:45:00,114.77,98.94,105.07,71.50
01/28/24 12:46:00,114.69,99.05,105.06,71.01
01/28/24 12:47:00,114.58,99.07,104.70,71.13
01/28/24 12:48:00,114.66,99.07,104.48,71.24
01/28/24 12:49:00,114.52,99.00,104.28,71.83
01/28/24 12:50:00,114.40,98.94,104.06,70.94
01/28/24 12:51:00,114.33,99.05,103.89,71.04
01/28/24 12:52:00,114.23,99.12,103.74,69.88
01/28/24 12:53:00,114.17,99.03,103.47,69.98
01/28/24 12:54:00,114.13,99.06,103.19,70.04
01/28/24 12:55:00,114.04,99.00,103.01,70.53
01/28/24 12:56:00,114.02,98.95,102.87,70.88
01/28/24 12:57:00,113.95,99.00,102.57,71.08
01/28/24 12:58:00,113.93,98.99,102.43,70.34
01/28/24 12:59:00,113.86,99.00,102.15,70.85
01/28/24 13:00:00,113.78,98.98,101.95,70.60
01/28/24 13:01:00,113.74,98.97,101.88,70.95
01/28/24 13:02:00,113.65,99.11,101.82,71.14
01/28/24 13:03:00,113.58,99.03,101.69,70.86
01/28/24 13:04:00,113.41,99.02,101.44,70.54
01/28/24 13:05:00,113.44,99.01,101.25,69.59
01/28/24 13:06:00,113.46,98.96,101.01,69.02
01/28/24 13:07:00,113.31,98.99,100.73,68.74
01/28/24 13:08:00,113.20,98.94,100.66,68.56
01/28/24 13:09:00,113.13,98.98,100.58,69.40
01/28/24 13:10:00,113.07,99.00,100.35,69.91
01/28/24 13:11:00,112.98,99.05,100.02,68.93
01/28/24 13:12:00,112.88,98.99,99.86,68.91
01/28/24 13:13:00,112.82,98.92,99.73,69.69
01/28/24 13:14:00,112.77,99.05,99.56,69.74
01/28/24 13:15:00,112.70,99.01,99.59,68.87
01/28/24 13:16:00,112.64,98.98,99.51,69.51
01/28/24 13:17:00,112.52,99.01,99.60,69.63
01/28/24 13:18:00,112.40,99.01,99.48,69.23
01/28/24 13:19:00,112.32,98.94,99.38,68.39
01/28/24 13:20:00,112.18,98.98,99.34,68.83
01/28/24 13:21:00,112.09,98.99,99.21,69.46
01/28/24 13:22:00,112.01,98.93,98.90,70.13
01/28/24 13:23:00,111.98,98.99,98.97,69.23
01/28/24 13:24:00,111.92,99.00,98.82,68.41
01/28/24 13:25:00,111.76,98.98,98.65,67.75
01/28/24 13:26:00,111.71,98.97,98.28,67.72
01/28/24 13:27:00,111.64,98.94,97.95,68.28
01/28/24 13:28:00,111.45,98.96,97.65,67.54
01/28/24 13:29:00,111.34,98.98,97.37,68.26
01/28/24 13:30:00,111.20,98.92,97.39,67.82
01/28/24 13:31:00,111.14,98.93,97.08,66.90
01/28/24 13:32:00,111.01,98.97,96.72,67.38
01/28/24 13:33:00,110.83,98.90,96.38,66.64
01/28/24 13:34:00,110.73,98.92,96.25,67.41
01/28/24 13:35:00,110.75,98.89,96.18,67.59
01/28/24 13:36:00,110.49,98.93,95.83,67.14
01/28/24 13:37:00,110.33,98.86,95.72,67.72
01/28/24 13:38:00,110.26,98.89,95.31,67.22
01/28/24 13:39:00,110.16,98.85,95.13,67.08
01/28/24 13:40:00,110.06,98.91,94.93,66.55
01/28/24 13:41:00,109.93,98.83,94.65,66.45
01/28/24 13:42:00,109.81,98.79,94.41,66.26
01/28/24 13:43:00,109.72,98.82,94.06,66.22
01/28/24 13:44:00,109.65,98.84,93.70,66.00
01/28/24 13:45:00,109.57,98.78,93.39,64.56
01/28/24 13:46:00,109.36,98.74,93.08,65.11
01/28/24 13:47:00,109.20,98.70,92.71,64.93
01/28/24 13:48:00,109.10,98.68,92.36,64.73
01/28/24 13:49:00,108.98,98.74,92.08,64.94
01/28/24 13:50:00,108.82,98.67,91.83,64.47
01/28/24 13:51:00,108.72,98.64,91.59,64.66
01/28/24 13:52:00,108.54,98.64,91.50,64.87
01/28/24 13:53:00,108.32,98.67,91.27,64.68
01/28/24 13:54:00,108.18,98.61,91.07,64.99
01/28/24 13:55:00,108.02,98.56,91.00,66.13
01/28/24 13:56:00,108.00,98.55,90.88,65.82
01/28/24 13:57:00,107.83,98.58,90.81,66.55
01/28/24 13:58:00,107.76,98.48,90.75,65.39
01/28/24 13:59:00,107.70,98.48,90.41,65.00
01/28/24 14:00:00,107.66,98.38,90.23,64.87
01/28/24 14:01:00,107.46,98.42,89.94,64.91
01/28/24 14:02:00,107.27,98.36,89.71,64.50
01/28/24 14:03:00,107.19,98.43,89.72,64.89
01/28/24 14:04:00,107.02,98.34,89.52,65.73
01/28/24 14:05:00,106.94,98.25,89.55,65.79
01/28/24 14:06:00,106.80,98.28,89.54,66.84
01/28/24 14:07:00,106.59,98.34,89.42,66.74
01/28/24 14:08:00,106.43,98.34,89.48,65.81
01/28/24 14:09:00,106.24,98.27,89.43,65.71
01/28/24 14:10:00,106.12,98.27,89.21,65.03
01/28/24 14:11:00,106.05,98.21,88.98,65.76
01/28/24 14:12:00,105.91,98.27,89.03,65.13
01/28/24 14:13:00,105.81,98.19,88.84,65.52
01/28/24 14:14:00,105.64,98.15,88.70,64.86
01/28/24 14:15:00,105.58,98.14,88.61,64.94
01/28/24 14:16:00,105.46,98.13,88.27,64.98
01/28/24 14:17:00,105.26,98.09,88.12,65.12
01/28/24 14:18:00,105.08,98.00,88.02,65.12
01/28/24 14:19:00,105.06,97.98,87.82,64.00
01/28/24 14:20:00,104.92,97.92,87.55,63.21
01/28/24 14:21:00,104.81,97.94,87.20,62.54
01/28/24 14:22:00,104.66,97.83,86.94,62.15
01/28/24 14:23:00,104.45,97.80,86.44,62.18
01/28/24 14:24:00,104.27,97.77,86.25,62.11
01/28/24 14:25:00,104.13,97.68,86.03,62.72
01/28/24 14:26:00,103.84,97.76,85.80,62.25
01/28/24 14:27:00,103.67,97.61,85.86,61.63
01/28/24 14:28:00,103.47,97.58,85.56,62.26
01/28/24 14:29:00,103.26,97.50,85.44,62.44
01/28/24 14:30:00,103.08,97.52,85.15,63.02
01/28/24 14:31:00,102.96,97.50,85.10,62.88
01/28/24 14:32:00,102.76,97.42,84.97,61.97
01/28/24 14:33:00,102.59,97.31,84.84,62.05
01/28/24 14:34:00,102.45,97.29,84.70,61.69
01/28/24 14:35:00,102.31,97.35,84.65,61.40
01/28/24 14:36:00,102.13,97.24,84.44,60.87
01/28/24 14:37:00,101.91,97.20,84.16,61.59
01/28/24 14:38:00,101.66,97.11,84.05,61.21
01/28/24 14:39:00,101.56,97.03,83.77,60.36
01/28/24 14:40:00,101.44,96.94,83.49,60.12
01/28/24 14:41:00,101.19,96.90,83.39,59.88
01/28/24 14:42:00,100.92,96.75,83.08,60.51
01/28/24 14:43:00,100.70,96.73,82.89,60.54
01/28/24 14:44:00,100.58,96.66,82.76,60.92
01/28/24 14:45:00,100.32,96.60,82.54,61.78
01/28/24 14:46:00,100.09,96.55,82.53,61.36
01/28/24 14:47:00,99.96,96.40,82.42,60.92
01/28/24 14:48:00,99.69,96.34,82.34,60.86
01/28/24 14:49:00,99.45,96.23,82.25,60.87
01/28/24 14:50:00,99.23,96.21,81.90,59.77
01/28/24 14:51:00,99.07,96.11,81.57,59.30
01/28/24 14:52:00,98.85,96.04,81.35,58.94
01/28/24 14:53:00,98.64,95.91,80.95,58.51
01/28/24 14:54:00,98.37,95.82,80.65,59.15
01/28/24 14:55:00,98.17,95.71,80.35,58.05
01/28/24 14:56:00,97.91,95.70,80.09,58.21
01/28/24 14:57:00,97.62,95.49,79.69,58.17
01/28/24 14:58:00,97.36,95.39,79.47,58.53
01/28/24 14:59:00,97.11,95.27,79.24,58.01
01/28/24 15:00:00,96.90,95.20,78.98,58.04
01/28/24 15:01:00,96.65,95.08,78.76,57.98
01/28/24 15:02:00,96.37,95.02,78.55,57.66
01/28/24 15:03:00,96.12,94.94,78.32,57.87
01/28/24 15:04:00,95.95,94.82,78.03,57.61
01/28/24 15:05:00,95.74,94.70,77.86,57.67
01/28/24 15:06:00,95.52,94.57,77.64,56.54
01/28/24 15:07:00,95.28,94.47,77.21,56.19
01/28/24 15:08:00,95.00,94.33,76.93,56.76
01/28/24 15:09:00,94.78,94.26,76.80,56.45
01/28/24 15:10:00,94.43,94.11,76.57,56.02
01/28/24 15:11:00,94.11,93.94,76.29,56.42
01/28/24 15:12:00,93.90,93.88,76.08,56.21
01/28/24 15:13:00,93.70,93.74,75.92,55.93
01/28/24 15:14:00,93.46,93.61,75.66,56.21
01/28/24 15:15:00,93.24,93.47,75.52,55.73
01/28/24 15:16:00,92.93,93.33,75.45,55.35
01/28/24 15:17:00,92.69,93.21,75.40,55.89
01/28/24 15:18:00,92.40,93.09,75.34,55.49
01/28/24 15:19:00,92.20,92.97,75.08,55.18
01/28/24 15:20:00,91.86,92.80,74.89,54.45
01/28/24 15:21:00,91.65,92.67,74.72,54.54
01/28/24 15:22:00,91.39,92.64,74.31,54.24
01/28/24 15:23:00,91.11,92.41,73.99,54.06
01/28/24 15:24:00,90.80,92.24,73.51,53.54
01/28/24 15:25:00,90.58,92.12,73.07,53.57
01/28/24 15:26:00,90.17,92.01,72.61,53.18
01/28/24 15:27:00,89.91,91.83,72.10,53.06
01/28/24 15:28:00,89.67,91.66,71.67,52.46
01/28/24 15:29:00,89.42,91.46,71.35,52.10
01/28/24 15:30:00,89.11,91.31,70.91,52.18
01/28/24 15:31:00,88.86,91.17,70.44,51.66
01/28/24 15:32:00,88.52,91.04,69.98,51.45
01/28/24 15:33:00,88.25,90.79,69.57,51.46
01/28/24 15:34:00,87.97,90.68,69.16,51.43
01/28/24 15:35:00,87.59,90.50,68.82,50.70
01/28/24 15:36:00,87.32,90.37,68.48,50.95
01/28/24 15:37:00,87.01,90.16,68.21,50.75
01/28/24 15:38:00,86.66,90.00,67.86,51.28
01/28/24 15:39:00,86.40,89.87,67.54,51.51
01/28/24 15:40:00,86.13,89.66,67.30,51.37
01/28/24 15:41:00,85.79,89.44,67.10,51.41
01/28/24 15:42:00,85.53,89.25,66.88,51.30
01/28/24 15:43:00,85.30,89.12,66.59,51.52
01/28/24 15:44:00,84.99,88.96,66.39,51.08
01/28/24 15:45:00,84.68,88.72,66.10,50.89
01/28/24 15:46:00,84.44,88.52,65.77,50.68
01/28/24 15:47:00,84.14,88.34,65.54,50.49
01/28/24 15:48:00,83.91,88.18,65.25,49.95
01/28/24 15:49:00,83.64,88.03,64.83,49.56
01/28/24 15:50:00,83.32,87.84,64.55,49.37
01/28/24 15:51:00,83.01,87.63,64.31,49.66
01/28/24 15:52:00,82.75,87.42,63.91,49.51
01/28/24 15:53:00,82.46,87.17,63.67,48.84
01/28/24 15:54:00,82.18,87.02,63.48,49.57
01/28/24 15:55:00,81.88,86.79,63.24,49.33
01/28/24 15:56:00,81.60,86.59,62.90,49.19
01/28/24 15:57:00,81.33,86.40,62.72,49.20
01/28/24 15:58:00,81.10,86.18,62.56,49.10
01/28/24 15:59:00,80.85,86.00,62.44,48.86
01/28/24 16:00:00,80.59,85.80,62.13,48.90
01/28/24 16:01:00,80.35,85.59,61.95,48.51
01/28/24 16:02:00,80.03,85.39,61.73,48.22
01/28/24 16:03:00,79.82,85.20,61.55,48.19
01/28/24 16:04:00,79.52,84.97,61.16,47.63
01/28/24 16:05:00,79.21,84.79,60.95,47.56
01/28/24 16:06:00,78.96,84.54,60.65,47.66
01/28/24 16:07:00,78.68,84.35,60.53,47.76
01/28/24 16:08:00,78.41,84.16,60.61,47.59
01/28/24 16:09:00,78.19,83.90,60.21,47.50
01/28/24 16:10:00,77.94,83.70,59.96,47.16
01/28/24 16:11:00,77.70,83.51,59.78,46.86
01/28/24 16:12:00,77.40,83.27,59.48,46.78
01/28/24 16:13:00,77.24,83.06,59.45,46.85
01/28/24 16:14:00,76.99,82.86,58.99,47.11
01/28/24 16:15:00,76.69,82.62,58.75,46.67
01/28/24 16:16:00,76.40,82.47,58.49,46.72
01/28/24 16:17:00,76.21,82.30,58.43,46.16
01/28/24 16:18:00,76.01,82.06,58.16,46.75
01/28/24 16:19:00,75.69,81.85,57.70,46.25
01/28/24 16:20:00,75.43,81.60,57.53,46.26
01/28/24 16:21:00,75.17,81.39,57.07,45.99
01/28/24 16:22:00,74.87,81.19,56.63,45.51
01/28/24 16:23:00,74.67,81.06,56.02,45.16
01/28/24 16:24:00,74.38,80.77,55.47,44.63
01/28/24 16:25:00,74.15,80.53,55.00,44.20
01/28/24 16:26:00,73.93,80.29,54.65,43.75
01/28/24 16:27:00,73.64,80.08,54.16,43.15
01/28/24 16:28:00,73.34,79.86,53.76,42.85
01/28/24 16:29:00,73.07,79.64,53.40,42.64
01/28/24 16:30:00,72.83,79.41,53.06,42.41
01/28/24 16:31:00,72.53,79.18,52.77,42.10
01/28/24 16:32:00,72.23,78.94,52.58,41.98
01/28/24 16:33:00,71.97,78.77,52.21,41.82
01/28/24 16:34:00,71.75,78.52,51.85,41.72
01/28/24 16:35:00,71.46,78.30,51.60,41.23
01/28/24 16:36:00,71.19,78.08,51.39,41.27
01/28/24 16:37:00,70.95,77.86,51.18,41.25
01/28/24 16:38:00,70.71,77.68,50.99,40.75
01/28/24 16:39:00,70.42,77.46,50.70,40.77
01/28/24 16:40:00,70.18,77.23,50.52,40.75
01/28/24 16:41:00,69.92,76.99,50.46,40.71
01/28/24 16:42:00,69.69,76.79,50.24,40.60
01/28/24 16:43:00,69.42,76.59,50.21,40.31
01/28/24 16:44:00,69.23,76.42,49.85,39.97
01/28/24 16:45:00,68.97,76.15,49.59,39.82
01/28/24 16:46:00,68.76,75.91,49.33,39.93
01/28/24 16:47:00,68.49,75.70,49.25,39.93
01/28/24 16:48:00,68.25,75.47,49.05,39.47
01/28/24 16:49:00,68.04,75.28,48.87,39.39
01/28/24 16:50:00,67.75,75.08,48.86,39.44
01/28/24 16:51:00,67.50,74.86,48.62,39.27
01/28/24 16:52:00,67.29,74.66,48.54,38.91
01/28/24 16:53:00,67.04,74.43,48.33,39.03
01/28/24 16:54:00,66.79,74.24,48.30,38.96
01/28/24 16:55:00,66.57,73.98,48.10,38.96
01/28/24 16:56:00,66.36,73.83,47.98,38.95
01/28/24 16:57:00,66.16,73.59,47.75,39.04
01/28/24 16:58:00,65.90,73.43,47.72,38.67
01/28/24 16:59:00,65.70,73.22,47.49,38.55
01/28/24 17:00:00,65.51,73.00,47.39,38.51
01/28/24 17:01:00,65.31,72.75,47.20,38.39
01/28/24 17:02:00,65.06,72.55,47.15,38.36
01/28/24 17:03:00,64.87,72.31,46.93,38.44
01/28/24 17:04:00,64.63,72.12,46.83,38.37
01/28/24 17:05:00,64.41,71.92,46.64,38.20
01/28/24 17:06:00,64.19,71.71,46.65,38.14
01/28/24 17:07:00,64.02,71.51,46.41,37.79
01/28/24 17:08:00,63.84,71.32,46.34,37.76
01/28/24 17:09:00,63.58,71.09,46.25,37.51
01/28/24 17:10:00,63.37,70.90,46.02,37.50
01/28/24 17:11:00,63.16,70.70,45.85,37.57
01/28/24 17:12:00,62.98,70.50,45.64,37.52
01/28/24 17:13:00,62.85,70.31,45.53,37.33
01/28/24 17:14:00,62.61,70.12,45.34,37.00
01/28/24 17:15:00,62.39,69.90,45.25,36.97
01/28/24 17:16:00,62.20,69.70,45.11,36.90
01/28/24 17:17:00,61.99,69.50,45.02,36.75
01/28/24 17:18:00,61.81,69.32,44.82,36.69
01/28/24 17:19:00,61.58,69.12,44.71,36.57
01/28/24 17:20:00,61.40,68.92,44.63,36.60
01/28/24 17:21:00,61.20,68.80,44.42,36.48
01/28/24 17:22:00,61.00,68.55,44.29,36.19
01/28/24 17:23:00,60.81,68.33,44.17,36.22
01/28/24 17:24:00,60.59,68.12,44.04,36.01
01/28/24 17:25:00,60.37,67.93,43.87,35.90
01/28/24 17:26:00,60.19,67.75,43.84,35.43
01/28/24 17:27:00,60.06,67.55,43.57,35.43
01/28/24 17:28:00,59.81,67.34,43.38,35.27
01/28/24 17:29:00,59.58,67.16,43.18,35.03
01/28/24 17:30:00,59.40,66.92,43.09,35.00
01/28/24 17:31:00,59.16,66.75,42.90,35.01
01/28/24 17:32:00,58.96,66.54,42.75,35.08
01/28/24 17:33:00,58.76,66.35,42.69,34.89
01/28/24 17:34:00,58.56,66.17,42.53,34.91
01/28/24 17:35:00,58.42,65.99,42.35,34.79
01/28/24 17:36:00,58.27,65.82,42.23,34.79
01/28/24 17:37:00,58.04,65.61,42.13,34.58
01/28/24 17:38:00,57.84,65.44,41.98,34.64
01/28/24 17:39:00,57.64,65.24,42.00,34.63
01/28/24 17:40:00,57.52,65.06,41.80,34.49
01/28/24 17:41:00,57.31,64.88,41.65,34.42
01/28/24 17:42:00,57.08,64.67,41.48,34.65
01/28/24 17:43:00,56.96,64.49,41.35,34.29
01/28/24 17:44:00,56.78,64.30,41.15,33.90
01/28/24 17:45:00,56.60,64.12,41.00,33.84
01/28/24 17:46:00,56.44,63.91,40.84,33.82
01/28/24 17:47:00,56.26,63.73,40.68,33.64
01/28/24 17:48:00,56.03,63.54,40.57,33.58
01/28/24 17:49:00,55.89,63.37,40.43,33.50
01/28/24 17:50:00,55.68,63.19,40.29,33.42
01/28/24 17:51:00,55.48,63.00,40.19,33.22
01/28/24 17:52:00,55.34,62.81,40.03,33.22
01/28/24 17:53:00,55.09,62.62,39.95,32.90
01/28/24 17:54:00,54.95,62.47,39.71,32.87
01/28/24 17:55:00,54.72,62.28,39.51,32.76
01/28/24 17:56:00,54.57,62.09,39.38,32.64
01/28/24 17:57:00,54.47,61.89,39.21,32.48
01/28/24 17:58:00,54.20,61.73,39.11,32.45
01/28/24 17:59:00,54.01,61.57,38.96,32.32
01/28/24 18:00:00,53.85,61.36,38.92,32.30
01/28/24 18:01:00,53.65,61.18,38.67,32.42
01/28/24 18:02:00,53.45,61.02,38.54,32.27
01/28/24 18:03:00,53.28,60.81,38.46,32.27
01/28/24 18:04:00,53.10,60.63,38.27,32.02
01/28/24 18:05:00,52.94,60.47,38.27,31.85
01/28/24 18:06:00,52.74,60.29,38.01,31.67
01/28/24 18:07:00,52.54,60.14,37.84,31.66
01/28/24 18:08:00,52.36,59.96,37.69,31.66
01/28/24 18:09:00,52.17,59.74,37.59,31.47
01/28/24 18:10:00,51.98,59.59,37.55,31.16
01/28/24 18:11:00,51.81,59.42,37.35,31.03
01/28/24 18:12:00,51.64,59.23,37.21,31.05
01/28/24 18:13:00,51.48,59.09,37.08,30.97
01/28/24 18:14:00,51.30,58.88,36.89,31.03
01/28/24 18:15:00,51.10,58.71,36.87,30.75
01/28/24 18:16:00,50.93,58.51,36.70,30.64
01/28/24 18:17:00,50.75,58.36,36.60,30.47
01/28/24 18:18:00,50.58,58.17,36.44,30.32
01/28/24 18:19:00,50.42,58.00,36.19,30.15
01/28/24 18:20:00,50.27,57.85,36.07,30.10
01/28/24 18:21:00,50.09,57.67,35.92,30.00
01/28/24 18:22:00,49.91,57.50,35.77,30.06
01/28/24 18:23:00,49.72,57.32,35.73,29.95
01/28/24 18:24:00,49.55,57.13,35.57,29.90
01/28/24 18:25:00,49.40,56.97,35.43,29.92
01/28/24 18:26:00,49.24,56.80,35.27,29.87
01/28/24 18:27:00,49.05,56.62,35.22,29.66
01/28/24 18:28:00,48.90,56.43,35.16,29.48
01/28/24 18:29:00,48.69,56.26,34.97,29.46
01/28/24 18:30:00,48.53,56.11,34.87,29.35
01/28/24 18:31:00,48.43,55.94,34.83,29.35
01/28/24 18:32:00,48.27,55.77,34.66,29.26
01/28/24 18:33:00,48.09,55.60,34.52,29.02
01/28/24 18:34:00,47.92,55.46,34.36,28.83
01/28/24 18:35:00,47.75,55.25,34.32,28.79
01/28/24 18:36:00,47.65,55.06,34.17,28.82
01/28/24 18:37:00,47.45,54.92,34.01,28.54
01/28/24 18:38:00,47.28,54.75,33.91,28.64
01/28/24 18:39:00,47.10,54.61,33.81,28.68
01/28/24 18:40:00,46.94,54.44,33.68,28.53
01/28/24 18:41:00,46.81,54.25,33.67,28.49
01/28/24 18:42:00,46.66,54.11,33.52,28.40
01/28/24 18:43:00,46.52,53.91,33.51,28.28
01/28/24 18:44:00,46.37,53.77,33.33,28.13
01/28/24 18:45:00,46.25,53.61,33.24,28.05
01/28/24 18:46:00,46.09,53.44,33.08,27.95
01/28/24 18:47:00,45.95,53.28,32.99,27.87
01/28/24 18:48:00,45.78,53.15,32.89,27.86
01/28/24 18:49:00,45.62,53.00,32.81,27.72
01/28/24 18:50:00,45.47,52.82,32.70,27.70
01/28/24 18:51:00,45.34,52.71,32.70,27.60
01/28/24 18:52:00,45.21,52.52,32.51,27.59
01/28/24 18:53:00,45.07,52.34,32.43,27.60
01/28/24 18:54:00,44.94,52.17,32.28,27.56
01/28/24 18:55:00,44.82,52.00,32.25,27.45
01/28/24 18:56:00,44.64,51.84,32.08,27.36
01/28/24 18:57:00,44.48,51.70,32.06,27.21
01/28/24 18:58:00,44.35,51.58,31.88,27.15
01/28/24 18:59:00,44.26,51.40,31.87,27.07
01/28/24 19:00:00,44.13,51.24,31.71,27.11
01/28/24 19:01:00,43.96,51.07,31.66,27.04
01/28/24 19:02:00,43.84,50.93,31.49,26.82
01/28/24 19:03:00,43.68,50.84,31.47,26.84
01/28/24 19:04:00,43.58,50.64,31.33,26.76
01/28/24 19:05:00,43.45,50.50,31.34,26.69
01/28/24 19:06:00,43.32,50.34,31.22,26.69
01/28/24 19:07:00,43.21,50.21,31.10,26.56
01/28/24 19:08:00,43.07,50.05,31.11,26.48
01/28/24 19:09:00,42.95,49.88,30.94,26.40
01/28/24 19:10:00,42.81,49.77,30.85,26.41
01/28/24 19:11:00,42.69,49.64,30.76,26.32
01/28/24 19:12:00,42.57,49.48,30.67,26.36
01/28/24 19:13:00,42.41,49.30,30.63,26.19
01/28/24 19:14:00,42.31,49.18,30.53,26.16
01/28/24 19:15:00,42.19,49.04,30.46,26.12
01/28/24 19:16:00,42.05,48.93,30.33,26.02
01/28/24 19:17:00,41.93,48.77,30.28,26.01
01/28/24 19:18:00,41.82,48.65,30.17,26.05
01/28/24 19:19:00,41.71,48.49,30.13,25.95
01/28/24 19:20:00,41.59,48.37,30.07,25.87
01/28/24 19:21:00,41.45,48.21,29.99,25.80
01/28/24 19:22:00,41.33,48.10,29.93,25.80
01/28/24 19:23:00,41.19,47.94,29.85,25.66
01/28/24 19:24:00,41.11,47.80,29.76,25.61
01/28/24 19:25:00,40.95,47.65,29.71,25.57
01/28/24 19:26:00,40.89,47.55,29.62,25.53
01/28/24 19:27:00,40.75,47.41,29.53,25.46
01/28/24 19:28:00,40.63,47.26,29.44,25.47
01/28/24 19:29:00,40.51,47.11,29.39,25.43
01/28/24 19:30:00,40.40,46.96,29.31,25.39
01/28/24 19:31:00,40.28,46.86,29.25,25.46
01/28/24 19:32:00,40.16,46.74,29.20,25.46
01/28/24 19:33:00,40.03,46.59,29.17,25.40
01/28/24 19:34:00,39.91,46.49,29.09,25.36
01/28/24 19:35:00,39.81,46.33,29.05,25.32
01/28/24 19:36:00,39.71,46.21,29.02,25.23
01/28/24 19:37:00,39.59,46.10,28.88,25.24
01/28/24 19:38:00,39.49,45.96,28.89,25.30
01/28/24 19:39:00,39.42,45.83,28.79,25.22
01/28/24 19:40:00,39.29,45.76,28.77,25.21
01/28/24 19:41:00,39.19,45.58,28.74,25.17
01/28/24 19:42:00,39.10,45.44,28.71,25.06
01/28/24 19:43:00,38.98,45.32,28.67,25.07
01/28/24 19:44:00,38.87,45.18,28.60,25.03
01/28/24 19:45:00,38.76,45.05,28.50,24.96
01/28/24 19:46:00,38.69,44.93,28.44,24.91
01/28/24 19:47:00,38.55,44.81,28.40,24.85
01/28/24 19:48:00,38.49,44.71,28.32,24.68
01/28/24 19:49:00,38.41,44.62,28.28,24.63
01/28/24 19:50:00,38.29,44.47,28.23,24.58
01/28/24 19:51:00,38.15,44.31,28.15,24.61
01/28/24 19:52:00,38.08,44.24,28.14,24.59
01/28/24 19:53:00,37.98,44.09,27.95,24.57
01/28/24 19:54:00,37.88,44.00,27.91,24.42
01/28/24 19:55:00,37.81,43.88,27.85,24.41
01/28/24 19:56:00,37.68,43.74,27.78,24.40
01/28/24 19:57:00,37.59,43.62,27.77,24.41
01/28/24 19:58:00,37.46,43.51,27.66,24.38
01/28/24 19:59:00,37.41,43.42,27.65,24.26
01/28/24 20:00:00,37.30,43.29,27.59,24.22
01/28/24 20:01:00,37.21,43.16,27.51,24.25
01/28/24 20:02:00,37.12,43.06,27.44,24.14
01/28/24 20:03:00,37.01,42.95,27.39,24.08
01/28/24 20:04:00,36.91,42.84,27.33,24.11
01/28/24 20:05:00,36.82,42.71,27.28,24.02
01/28/24 20:06:00,36.74,42.59,27.26,23.99
01/28/24 20:07:00,36.63,42.51,27.14,23.93
01/28/24 20:08:00,36.56,42.38,27.08,23.88
01/28/24 20:09:00,36.45,42.26,27.03,23.83
01/28/24 20:10:00,36.36,42.17,27.01,23.81
01/28/24 20:11:00,36.31,42.03,26.97,23.73
01/28/24 20:12:00,36.18,41.95,26.84,23.64
01/28/24 20:13:00,36.10,41.83,26.81,23.62
01/28/24 20:14:00,36.05,41.72,26.71,23.59
01/28/24 20:15:00,35.95,41.62,26.69,23.61
01/28/24 20:16:00,35.84,41.51,26.61,23.58
01/28/24 20:17:00,35.78,41.41,26.55,23.58
01/28/24 20:18:00,35.66,41.31,26.51,23.58
01/28/24 20:19:00,35.56,41.19,26.47,23.57
01/28/24 20:20:00,35.51,41.08,26.48,23.48
01/28/24 20:21:00,35.43,40.97,26.33,23.48
01/28/24 20:22:00,35.31,40.88,26.34,23.49
01/28/24 20:23:00,35.22,40.79,26.25,23.44
01/28/24 20:24:00,35.16,40.66,26.20,23.38
01/28/24 20:25:00,35.09,40.58,26.19,23.38
01/28/24 20:26:00,35.02,40.50,26.16,23.32
01/28/24 20:27:00,34.91,40.36,26.12,23.29
01/28/24 20:28:00,34.82,40.26,26.05,23.20
01/28/24 20:29:00,34.75,40.17,26.03,23.19
01/28/24 20:30:00,34.66,40.06,25.98,23.19
01/28/24 20:31:00,34.57,39.98,25.92,23.24
01/28/24 20:32:00,34.51,39.87,25.92,23.16
01/28/24 20:33:00,34.42,39.79,25.87,23.16
01/28/24 20:34:00,34.36,39.66,25.77,23.10
01/28/24 20:35:00,34.27,39.57,25.75,23.09
01/28/24 20:36:00,34.22,39.47,25.70,22.97
01/28/24 20:37:00,34.10,39.39,25.63,22.96
01/28/24 20:38:00,34.04,39.29,25.61,22.93
01/28/24 20:39:00,33.96,39.21,25.54,22.91
01/28/24 20:40:00,33.89,39.07,25.50,22.92
01/28/24 20:41:00,33.77,38.97,25.49,22.88
01/28/24 20:42:00,33.74,38.91,25.48,22.83
01/28/24 20:43:00,33.64,38.82,25.38,22.83
01/28/24 20:44:00,33.58,38.76,25.36,22.80
01/28/24 20:45:00,33.53,38.63,25.29,22.76
01/28/24 20:46:00,33.43,38.54,25.26,22.70
01/28/24 20:47:00,33.35,38.43,25.21,22.68
01/28/24 20:48:00,33.27,38.37,25.16,22.68
01/28/24 20:49:00,33.18,38.24,25.13,22.67
01/28/24 20:50:00,33.16,38.16,25.04,22.66
01/28/24 20:51:00,33.06,38.07,25.03,22.68
01/28/24 20:52:00,33.00,38.00,24.99,22.61
01/28/24 20:53:00,32.91,37.97,24.98,22.50
01/28/24 20:54:00,32.95,37.81,24.98,22.45
01/28/24 20:55:00,32.77,37.72,24.87,22.43
01/28/24 20:56:00,32.72,37.63,24.84,22.40
01/28/24 20:57:00,32.61,37.55,24.80,22.38
01/28/24 20:58:00,32.60,37.46,24.72,22.41
01/28/24 20:59:00,32.52,37.41,24.70,22.41
01/28/24 21:00:00,32.43,37.27,24.68,22.37
01/28/24 21:01:00,32.35,37.20,24.61,22.32
01/28/24 21:02:00,32.30,37.12,24.58,22.30
01/28/24 21:03:00,32.23,37.04,24.56,22.30
01/28/24 21:04:00,32.19,36.94,24.53,22.20
01/28/24 21:05:00,32.08,36.85,24.46,22.19
01/28/24 21:06:00,32.05,36.75,24.48,22.20
01/28/24 21:07:00,31.98,36.71,24.41,22.16
01/28/24 21:08:00,31.91,36.63,24.39,22.11
01/28/24 21:09:00,31.86,36.51,24.31,22.06
01/28/24 21:10:00,31.76,36.44,24.30,22.05
01/28/24 21:11:00,31.69,36.38,24.28,22.07
01/28/24 21:12:00,31.68,36.34,24.21,22.01
01/28/24 21:13:00,31.59,36.19,24.17,22.07
01/28/24 21:14:00,31.52,36.11,24.13,22.03
01/28/24 21:15:00,31.43,36.03,24.08,21.95
01/28/24 21:16:00,31.38,35.96,24.13,21.98
01/28/24 21:17:00,31.41,35.86,24.05,21.96
01/28/24 21:18:00,31.28,35.79,24.00,21.94
01/28/24 21:19:00,31.19,35.74,24.00,21.90
01/28/24 21:20:00,31.09,35.65,23.94,21.85
01/28/24 21:21:00,31.05,35.57,23.93,21.84
01/28/24 21:22:00,31.03,35.47,23.90,21.81
01/28/24 21:23:00,30.95,35.42,23.86,21.76
01/28/24 21:24:00,30.87,35.33,23.81,21.74
01/28/24 21:25:00,30.84,35.24,23.80,21.69
01/28/24 21:26:00,30.80,35.19,23.73,21.64
01/28/24 21:27:00,30.70,35.12,23.70,21.62
01/28/24 21:28:00,30.69,35.01,23.71,21.65
01/28/24 21:29:00,30.58,34.94,23.62,21.60
01/28/24 21:30:00,30.55,34.92,23.64,21.56
01/28/24 21:31:00,30.50,34.79,23.56,21.54
01/28/24 21:32:00,30.42,34.70,23.57,21.51
01/28/24 21:33:00,30.35,34.64,23.53,21.52
01/28/24 21:34:00,30.31,34.60,23.43,21.50
01/28/24 21:35:00,30.25,34.48,23.42,21.49
01/28/24 21:36:00,30.17,34.46,23.40,21.52
01/28/24 21:37:00,30.12,34.37,23.38,21.49
01/28/24 21:38:00,30.10,34.27,23.31,21.47
01/28/24 21:39:00,30.03,34.21,23.29,21.47
01/28/24 21:40:00,29.94,34.15,23.30,21.46
01/28/24 21:41:00,29.91,34.05,23.24,21.43
01/28/24 21:42:00,29.82,34.00,23.24,21.37
01/28/24 21:43:00,29.80,33.93,23.20,21.40
01/28/24 21:44:00,29.74,33.87,23.21,21.35
01/28/24 21:45:00,29.70,33.80,23.12,21.32
01/28/24 21:46:00,29.64,33.71,23.13,21.34
01/28/24 21:47:00,29.60,33.65,23.19,21.26
01/28/24 21:48:00,29.54,33.57,23.05,21.27
01/28/24 21:49:00,29.47,33.50,23.06,21.24
01/28/24 21:50:00,29.42,33.45,22.97,21.24
01/28/24 21:51:00,29.38,33.38,22.99,21.17
01/28/24 21:52:00,29.30,33.33,22.97,21.15
01/28/24 21:53:00,29.26,33.26,22.93,21.12
01/28/24 21:54:00,29.22,33.18,22.84,21.11
01/28/24 21:55:00,29.18,33.20,22.89,21.14
01/28/24 21:56:00,29.11,33.07,22.85,21.08
01/28/24 21:57:00,29.06,33.00,22.79,21.03
01/28/24 21:58:00,29.01,32.93,22.75,21.08
01/28/24 21:59:00,28.98,32.85,22.70,21.03
01/28/24 22:00:00,28.94,32.79,22.71,21.04
01/28/24 22:01:00,28.86,32.71,22.70,21.03
01/28/24 22:02:00,28.83,32.67,22.67,20.96
01/28/24 22:03:00,28.78,32.59,22.68,20.97
01/28/24 22:04:00,28.72,32.54,22.58,20.96
01/28/24 22:05:00,28.68,32.49,22.56,20.92
01/28/24 22:06:00,28.64,32.40,22.56,20.86
01/28/24 22:07:00,28.60,32.40,22.53,20.85
01/28/24 22:08:00,28.52,32.28,22.46,20.87
01/28/24 22:09:00,28.45,32.22,22.48,20.88
01/28/24 22:10:00,28.41,32.16,22.47,20.85
01/28/24 22:11:00,28.37,32.10,22.43,20.80
01/28/24 22:12:00,28.33,32.05,22.45,20.87
01/28/24 22:13:00,28.31,31.99,22.39,20.81
01/28/24 22:14:00,28.24,31.91,22.31,20.84
01/28/24 22:15:00,28.21,31.85,22.33,20.84
01/28/24 22:16:00,28.16,31.83,22.34,20.88
01/28/24 22:17:00,28.09,31.72,22.34,20.91
01/28/24 22:18:00,28.08,31.66,22.33,20.90
01/28/24 22:19:00,28.02,31.61,22.31,20.89
01/28/24 22:20:00,27.97,31.57,22.37,20.98
01/28/24 22:21:00,27.92,31.50,22.41,21.00
01/28/24 22:22:00,27.84,31.48,22.29,21.00
01/28/24 22:23:00,27.89,31.41,22.36,20.98
01/28/24 22:24:00,27.83,31.31,22.36,20.99
01/28/24 22:25:00,27.74,31.23,22.36,21.04
01/28/24 22:26:00,27.71,31.21,22.36,21.03
01/28/24 22:27:00,27.68,31.14,22.37,21.05
01/28/24 22:28:00,27.62,31.08,22.42,21.06
01/28/24 22:29:00,27.64,31.03,22.45,21.07
01/28/24 22:30:00,27.56,30.99,22.38,21.12
01/28/24 22:31:00,27.54,30.94,22.48,21.19
01/28/24 22:32:00,27.51,30.88,22.39,21.13
01/28/24 22:33:00,27.47,30.82,22.41,21.14
01/28/24 22:34:00,27.42,30.78,22.44,21.13
01/28/24 22:35:00,27.40,30.70,22.39,21.13
01/28/24 22:36:00,27.35,30.73,22.45,21.16
01/28/24 22:37:00,27.31,30.61,22.46,21.16
01/28/24 22:38:00,27.33,30.57,22.39,21.18
01/28/24 22:39:00,27.25,30.52,22.41,21.23
01/28/24 22:40:00,27.23,30.45,22.40,21.18
01/28/24 22:41:00,27.19,30.39,22.38,21.16
01/28/24 22:42:00,27.14,30.37,22.40,21.16
01/28/24 22:43:00,27.11,30.34,22.42,21.19
01/28/24 22:44:00,27.07,30.24,22.38,21.13
01/28/24 22:45:00,27.03,30.18,22.36,21.15
01/28/24 22:46:00,27.01,30.18,22.43,21.12
01/28/24 22:47:00,27.01,30.13,22.36,21.07
01/28/24 22:48:00,26.96,30.05,22.33,21.06
01/28/24 22:49:00,26.93,29.98,22.31,21.04
01/28/24 22:50:00,26.90,29.97,22.30,21.07
01/28/24 22:51:00,26.88,29.90,22.27,21.10
01/28/24 22:52:00,26.82,29.88,22.30,21.11
01/28/24 22:53:00,26.84,29.80,22.31,21.09
01/28/24 22:54:00,26.78,29.76,22.28,21.12
01/28/24 22:55:00,26.74,29.70,22.28,21.14
01/28/24 22:56:00,26.73,29.68,22.28,21.19
01/28/24 22:57:00,26.69,29.64,22.32,21.12
01/28/24 22:58:00,26.65,29.57,22.33,21.13
01/28/24 22:59:00,26.62,29.57,22.27,21.16
01/28/24 23:00:00,26.60,29.48,22.27,21.16
01/28/24 23:01:00,26.54,29.47,22.27,21.17
01/28/24 23:02:00,26.53,29.43,22.28,21.15
01/28/24 23:03:00,26.54,29.39,22.28,21.17
01/28/24 23:04:00,26.56,29.32,22.26,21.16
01/28/24 23:05:00,26.45,29.31,22.30,21.19
01/28/24 23:06:00,26.45,29.22,22.31,21.20
01/28/24 23:07:00,26.40,29.21,22.35,21.24
01/28/24 23:08:00,26.37,29.15,22.26,21.22
01/28/24 23:09:00,26.36,29.09,22.32,21.28
01/28/24 23:10:00,26.30,29.06,22.32,21.25
01/28/24 23:11:00,26.28,29.01,22.31,21.33
01/28/24 23:12:00,26.27,28.99,22.31,21.29
01/28/24 23:13:00,26.22,28.92,22.38,21.26
01/28/24 23:14:00,26.21,28.92,22.32,21.33
01/28/24 23:15:00,26.18,28.86,22.31,21.31
01/28/24 23:16:00,26.15,28.81,22.36,21.37
01/28/24 23:17:00,26.15,28.77,22.34,21.35
01/28/24 23:18:00,26.09,28.75,22.33,21.36
01/28/24 23:19:00,26.07,28.70,22.34,21.33
01/28/24 23:20:00,26.05,28.69,22.34,21.33
01/28/24 23:21:00,26.07,28.62,22.34,21.34
01/28/24 23:22:00,26.09,28.60,22.32,21.31
01/28/24 23:23:00,25.99,28.53,22.30,21.29
01/28/24 23:24:00,25.98,28.49,22.33,21.26
01/28/24 23:25:00,25.97,28.51,22.37,21.35
01/28/24 23:26:00,25.90,28.43,22.34,21.30
01/28/24 23:27:00,25.90,28.40,22.31,21.30
01/28/24 23:28:00,25.88,28.35,22.31,21.30
01/28/24 23:29:00,25.87,28.31,22.28,21.33
01/28/24 23:30:00,25.86,28.29,22.31,21.39
01/28/24 23:31:00,25.80,28.23,22.31,21.34
01/28/24 23:32:00,25.82,28.22,22.32,21.40
01/28/24 23:33:00,25.79,28.19,22.31,21.34
01/28/24 23:34:00,25.80,28.17,22.32,21.38
01/28/24 23:35:00,25.76,28.10,22.29,21.36
01/28/24 23:36:00,25.72,28.07,22.34,21.36
01/28/24 23:37:00,25.69,28.03,22.35,21.33
01/28/24 23:38:00,25.66,28.02,22.30,21.36
01/28/24 23:39:00,25.66,27.98,22.31,21.35
01/28/24 23:40:00,25.64,27.94,22.32,21.32
01/28/24 23:41:00,25.62,27.93,22.31,21.32
01/28/24 23:42:00,25.59,27.89,22.29,21.36
01/28/24 23:43:00,25.56,27.84,22.28,21.35
01/28/24 23:44:00,25.55,27.78,22.26,21.37
01/28/24 23:45:00,25.53,27.78,22.32,21.33
01/28/24 23:46:00,25.51,27.73,22.27,21.27
01/28/24 23:47:00,25.50,27.69,22.30,21.27
01/28/24 23:48:00,25.46,27.69,22.27,21.30
01/28/24 23:49:00,25.46,27.64,22.23,21.31
01/28/24 23:50:00,25.44,27.61,22.26,21.29
01/28/24 23:51:00,25.44,27.57,22.22,21.31
01/28/24 23:52:00,25.39,27.55,22.23,21.30
01/28/24 23:53:00,25.40,27.51,22.18,21.29
01/28/24 23:54:00,25.39,27.48,22.16,21.28
01/28/24 23:55:00,25.34,27.45,22.17,21.29
01/28/24 23:56:00,25.31,27.41,22.16,21.31
01/28/24 23:57:00,25.32,27.43,22.21,21.29
01/28/24 23:58:00,25.30,27.37,22.12,21.26
01/28/24 23:59:00,25.27,27.34,22.16,21.30
01/29/24 00:00:00,25.24,27.32,22.26,21.29
01/29/24 00:01:00,25.23,27.26,22.13,21.29
01/29/24 00:02:00,25.20,27.26,22.14,21.33
01/29/24 00:03:00,25.17,27.21,22.12,21.29
01/29/24 00:04:00,25.16,27.16,22.13,21.24
01/29/24 00:05:00,25.16,27.16,22.15,21.24
01/29/24 00:06:00,25.18,27.11,22.12,21.23
01/29/24 00:07:00,25.12,27.08,22.13,21.26
01/29/24 00:08:00,25.11,27.05,22.08,21.24
01/29/24 00:09:00,25.08,27.04,22.06,21.25
01/29/24 00:10:00,25.03,27.04,22.06,21.24
01/29/24 00:11:00,25.04,26.99,22.09,21.17
01/29/24 00:12:00,25.02,26.93,22.04,21.18
01/29/24 00:13:00,24.97,26.92,22.04,21.11
01/29/24 00:14:00,25.00,26.90,22.01,21.12
01/29/24 00:15:00,24.97,26.97,22.02,21.06
01/29/24 00:16:00,24.94,26.85,21.99,21.12
01/29/24 00:17:00,24.94,26.82,21.97,21.11
01/29/24 00:18:00,24.90,26.76,21.97,21.12
01/29/24 00:19:00,24.88,26.76,21.97,21.12
01/29/24 00:20:00,24.88,26.74,21.95,21.12
01/29/24 00:21:00,24.87,26.71,21.92,21.14
01/29/24 00:22:00,24.83,26.69,21.93,21.12
01/29/24 00:23:00,24.82,26.66,21.92,21.09
01/29/24 00:24:00,24.80,26.63,21.91,21.10
01/29/24 00:25:00,24.80,26.61,21.94,21.15
01/29/24 00:26:00,24.78,26.58,21.90,21.11
01/29/24 00:27:00,24.76,26.55,21.88,21.11
01/29/24 00:28:00,24.72,26.49,21.89,21.11
01/29/24 00:29:00,24.71,26.48,21.86,21.10
01/29/24 00:30:00,24.68,26.47,21.91,21.11
01/29/24 00:31:00,24.68,26.44,21.84,21.11
01/29/24 00:32:00,24.70,26.41,21.85,21.12
01/29/24 00:33:00,24.67,26.43,21.84,21.11
01/29/24 00:34:00,24.61,26.38,21.83,21.12
01/29/24 00:35:00,24.63,26.32,21.84,21.06
01/29/24 00:36:00,24.61,26.30,21.83,21.04
01/29/24 00:37:00,24.58,26.30,21.79,21.07
01/29/24 00:38:00,24.57,26.25,21.82,21.07
01/29/24 00:39:00,24.53,26.22,21.80,21.03
01/29/24 00:40:00,24.52,26.22,21.81,21.04
01/29/24 00:41:00,24.51,26.20,21.82,21.06
01/29/24 00:42:00,24.48,26.16,21.81,21.07
01/29/24 00:43:00,24.49,26.15,21.78,21.09
01/29/24 00:44:00,24.47,26.11,21.77,21.09
01/29/24 00:45:00,24.42,26.10,21.76,21.13
01/29/24 00:46:00,24.43,26.06,21.78,21.12
01/29/24 00:47:00,24.39,26.06,21.82,21.18
01/29/24 00:48:00,24.39,26.02,21.78,21.12
01/29/24 00:49:00,24.37,25.98,21.76,21.06
01/29/24 00:50:00,24.33,25.95,21.79,21.05
01/29/24 00:51:00,24.34,25.92,21.75,21.07
01/29/24 00:52:00,24.35,25.95,21.76,21.03
01/29/24 00:53:00,24.31,25.93,21.72,21.02
01/29/24 00:54:00,24.29,25.89,21.72,20.99
01/29/24 00:55:00,24.28,25.84,21.75,21.02
01/29/24 00:56:00,24.25,25.82,21.72,21.02
01/29/24 00:57:00,24.35,25.84,21.72,20.99
01/29/24 00:58:00,24.24,25.82,21.68,21.02
01/29/24 00:59:00,24.25,25.77,21.67,20.99
01/29/24 01:00:00,24.21,25.75,21.66,21.00
01/29/24 01:01:00,24.20,25.73,21.68,21.00
01/29/24 01:02:00,24.17,25.71,21.66,20.97
01/29/24 01:03:00,24.16,25.68,21.63,21.00
01/29/24 01:04:00,24.14,25.66,21.64,20.98
01/29/24 01:05:00,24.10,25.64,21.64,20.95
01/29/24 01:06:00,24.09,25.64,21.65,20.94
01/29/24 01:07:00,24.10,25.59,21.60,20.91
01/29/24 01:08:00,24.08,25.62,21.63,20.95
01/29/24 01:09:00,24.08,25.63,21.59,20.89
01/29/24 01:10:00,24.06,25.53,21.60,20.89
01/29/24 01:11:00,24.04,25.55,21.59,20.90
01/29/24 01:12:00,24.06,25.49,21.60,20.84
01/29/24 01:13:00,24.04,25.50,21.61,20.85
01/29/24 01:14:00,24.03,25.48,21.57,20.85
01/29/24 01:15:00,23.98,25.45,21.54,20.85
01/29/24 01:16:00,23.98,25.40,21.57,20.84
01/29/24 01:17:00,23.97,25.40,21.48,20.84
01/29/24 01:18:00,23.95,25.40,21.54,20.82
01/29/24 01:19:00,23.94,25.33,21.48,20.78
01/29/24 01:20:00,23.93,25.34,21.54,20.85
01/29/24 01:21:00,23.92,25.32,21.50,20.81
01/29/24 01:22:00,23.91,25.30,21.49,20.82
01/29/24 01:23:00,23.91,25.28,21.45,20.80
01/29/24 01:24:00,23.88,25.26,21.47,20.82
01/29/24 01:25:00,23.85,25.22,21.46,20.87
01/29/24 01:26:00,23.82,25.23,21.45,20.86
01/29/24 01:27:00,23.84,25.21,21.47,20.82
01/29/24 01:28:00,23.81,25.16,21.47,20.82
01/29/24 01:29:00,23.83,25.22,21.43,20.84
01/29/24 01:30:00,23.80,25.14,21.52,20.85
01/29/24 01:31:00,23.83,25.13,21.45,20.86
01/29/24 01:32:00,23.79,25.10,21.44,20.90
01/29/24 01:33:00,23.73,25.07,21.43,20.86
01/29/24 01:34:00,23.74,25.06,21.41,20.85
01/29/24 01:35:00,23.75,25.06,21.43,20.85
01/29/24 01:36:00,23.70,25.02,21.43,20.84
01/29/24 01:37:00,23.75,25.00,21.41,20.79
01/29/24 01:38:00,23.69,25.00,21.42,20.80
01/29/24 01:39:00,23.66,24.97,21.39,20.77
01/29/24 01:40:00,23.66,24.94,21.42,20.72
01/29/24 01:41:00,23.64,24.95,21.38,20.71
01/29/24 01:42:00,23.62,24.91,21.40,20.68
01/29/24 01:43:00,23.63,24.87,21.36,20.70
01/29/24 01:44:00,23.64,24.89,21.37,20.67
01/29/24 01:45:00,23.59,24.87,21.34,20.68
01/29/24 01:46:00,23.60,24.86,21.37,20.70
01/29/24 01:47:00,23.56,24.84,21.32,20.69
01/29/24 01:48:00,23.55,24.81,21.28,20.74
01/29/24 01:49:00,23.54,24.82,21.28,20.71
01/29/24 01:50:00,23.53,24.80,21.29,20.73
01/29/24 01:51:00,23.50,24.76,21.32,20.70
01/29/24 01:52:00,23.51,24.74,21.30,20.69
01/29/24 01:53:00,23.50,24.72,21.27,20.74
01/29/24 01:54:00,23.49,24.70,21.25,20.70
01/29/24 01:55:00,23.45,24.71,21.25,20.71
01/29/24 01:56:00,23.45,24.68,21.27,20.70
01/29/24 01:57:00,23.45,24.68,21.28,20.67
01/29/24 01:58:00,23.45,24.64,21.23,20.65
01/29/24 01:59:00,23.42,24.62,21.23,20.66
01/29/24 02:00:00,23.43,24.58,21.26,20.70
01/29/24 02:01:00,23.37,24.60,21.23,20.66
01/29/24 02:02:00,23.37,24.57,21.19,20.67
01/29/24 02:03:00,23.40,24.56,21.20,20.69
01/29/24 02:04:00,23.35,24.55,21.21,20.72
01/29/24 02:05:00,23.35,24.54,21.24,20.66
01/29/24 02:06:00,23.33,24.50,21.18,20.69
01/29/24 02:07:00,23.32,24.48,21.18,20.73
01/29/24 02:08:00,23.31,24.47,21.21,20.70
01/29/24 02:09:00,23.30,24.47,21.21,20.66
01/29/24 02:10:00,23.28,24.43,21.21,20.65
01/29/24 02:11:00,23.28,24.45,21.19,20.68
01/29/24 02:12:00,23.26,24.43,21.18,20.64
01/29/24 02:13:00,23.25,24.39,21.16,20.70
01/29/24 02:14:00,23.25,24.37,21.22,20.72
01/29/24 02:15:00,23.23,24.35,21.18,20.73
01/29/24 02:16:00,23.21,24.36,21.18,20.77
01/29/24 02:17:00,23.21,24.34,21.20,20.73
01/29/24 02:18:00,23.25,24.30,21.19,20.76
01/29/24 02:19:00,23.18,24.28,21.20,20.75
01/29/24 02:20:00,23.17,24.29,21.16,20.76
01/29/24 02:21:00,23.19,24.26,21.22,20.75
01/29/24 02:22:00,23.13,24.26,21.21,20.78
01/29/24 02:23:00,23.16,24.33,21.22,20.73
01/29/24 02:24:00,23.14,24.27,21.17,20.76
01/29/24 02:25:00,23.11,24.21,21.18,20.72
01/29/24 02:26:00,23.10,24.22,21.21,20.72
01/29/24 02:27:00,23.10,24.19,21.21,20.72
01/29/24 02:28:00,23.11,24.17,21.17,20.78
01/29/24 02:29:00,23.09,24.20,21.20,20.72
01/29/24 02:30:00,23.09,24.13,21.16,20.75
01/29/24 02:31:00,23.09,24.12,21.16,20.73
01/29/24 02:32:00,23.07,24.10,21.18,20.78
01/29/24 02:33:00,23.06,24.08,21.15,20.74
01/29/24 02:34:00,23.07,24.12,21.15,20.76
01/29/24 02:35:00,23.05,24.05,21.17,20.75
01/29/24 02:36:00,23.04,24.07,21.19,20.76
01/29/24 02:37:00,23.03,24.05,21.17,20.77
01/29/24 02:38:00,23.00,24.02,21.16,20.77
01/29/24 02:39:00,23.02,24.01,21.16,20.80
01/29/24 02:40:00,22.98,23.99,21.16,20.77
01/29/24 02:41:00,22.99,23.96,21.17,20.77
01/29/24 02:42:00,22.99,23.99,21.16,20.74
01/29/24 02:43:00,22.98,23.96,21.14,20.77
01/29/24 02:44:00,22.93,23.94,21.14,20.72
01/29/24 02:45:00,22.97,23.91,21.13,20.73
01/29/24 02:46:00,22.92,23.92,21.15,20.70
01/29/24 02:47:00,22.96,23.93,21.14,20.72
01/29/24 02:48:00,22.92,23.89,21.13,20.68
01/29/24 02:49:00,22.92,23.87,21.14,20.64
01/29/24 02:50:00,22.90,23.87,21.10,20.65
01/29/24 02:51:00,22.89,23.86,21.12,20.65
01/29/24 02:52:00,22.87,23.83,21.13,20.65
01/29/24 02:53:00,22.87,23.84,21.10,20.65
01/29/24 02:54:00,22.85,23.84,21.09,20.67
01/29/24 02:55:00,22.88,23.81,21.09,20.64
01/29/24 02:56:00,22.85,23.80,21.09,20.65
01/29/24 02:57:00,22.81,23.79,21.06,20.64
01/29/24 02:58:00,22.83,23.77,21.05,20.63
01/29/24 02:59:00,22.81,23.77,21.04,20.61
01/29/24 03:00:00,22.81,23.74,21.07,20.60
01/29/24 03:01:00,22.80,23.72,21.03,20.60
01/29/24 03:02:00,22.79,23.71,21.05,20.61
01/29/24 03:03:00,22.77,23.69,21.02,20.59
01/29/24 03:04:00,22.77,23.71,21.03,20.56
01/29/24 03:05:00,22.77,23.69,21.02,20.59
01/29/24 03:06:00,22.75,23.65,21.00,20.56
01/29/24 03:07:00,22.78,23.64,21.01,20.59
01/29/24 03:08:00,22.73,23.63,21.00,20.54
01/29/24 03:09:00,22.74,23.64,20.99,20.53
01/29/24 03:10:00,22.73,23.64,20.95,20.51
01/29/24 03:11:00,22.73,23.61,20.96,20.51
01/29/24 03:12:00,22.73,23.60,20.96,20.53
01/29/24 03:13:00,22.71,23.58,20.95,20.52
01/29/24 03:14:00,22.70,23.57,20.95,20.53
01/29/24 03:15:00,22.68,23.57,20.95,20.55
01/29/24 03:16:00,22.68,23.56,20.93,20.51
01/29/24 03:17:00,22.74,23.54,20.94,20.55
01/29/24 03:18:00,22.68,23.53,20.93,20.51
01/29/24 03:19:00,22.64,23.51,20.92,20.56
01/29/24 03:20:00,22.66,23.49,20.91,20.54
01/29/24 03:21:00,22.63,23.49,20.95,20.56
01/29/24 03:22:00,22.59,23.48,20.91,20.57
01/29/24 03:23:00,22.62,23.47,20.93,20.51
01/29/24 03:24:00,22.61,23.44,20.91,20.54
01/29/24 03:25:00,22.59,23.43,20.93,20.55
01/29/24 03:26:00,22.57,23.43,20.91,20.56
01/29/24 03:27:00,22.62,23.42,20.94,20.55
01/29/24 03:28:00,22.56,23.41,20.91,20.56
01/29/24 03:29:00,22.55,23.40,20.90,20.58
01/29/24 03:30:00,22.53,23.36,20.91,20.57
01/29/24 03:31:00,22.53,23.38,20.90,20.55
01/29/24 03:32:00,22.53,23.37,20.90,20.54
01/29/24 03:33:00,22.53,23.37,20.90,20.52
01/29/24 03:34:00,22.49,23.34,20.90,20.54
01/29/24 03:35:00,22.48,23.33,20.88,20.57
01/29/24 03:36:00,22.56,23.34,20.88,20.54
01/29/24 03:37:00,22.48,23.30,20.91,20.55
01/29/24 03:38:00,22.48,23.29,20.88,20.51
01/29/24 03:39:00,22.48,23.27,20.90,20.51
01/29/24 03:40:00,22.49,23.28,20.93,20.48
01/29/24 03:41:00,22.47,23.29,20.88,20.47
01/29/24 03:42:00,22.46,23.24,20.89,20.51
01/29/24 03:43:00,22.45,23.23,20.88,20.50
01/29/24 03:44:00,22.46,23.24,20.84,20.48
01/29/24 03:45:00,22.43,23.23,20.85,20.45
01/29/24 03:46:00,22.48,23.21,20.86,20.47
01/29/24 03:47:00,22.45,23.19,20.88,20.50
01/29/24 03:48:00,22.40,23.20,20.83,20.46
01/29/24 03:49:00,22.43,23.16,20.85,20.48
01/29/24 03:50:00,22.39,23.19,20.82,20.47
01/29/24 03:51:00,22.39,23.16,20.84,20.48
01/29/24 03:52:00,22.46,23.17,20.81,20.53
01/29/24 03:53:00,22.47,23.13,20.81,20.47
01/29/24 03:54:00,22.40,23.13,20.84,20.52
01/29/24 03:55:00,22.40,23.13,20.83,20.53
01/29/24 03:56:00,22.42,23.12,20.82,20.50
01/29/24 03:57:00,22.40,23.09,20.81,20.51
01/29/24 03:58:00,22.39,23.09,20.81,20.50
01/29/24 03:59:00,22.35,23.08,20.85,20.52
01/29/24 04:00:00,22.39,23.07,20.82,20.51
01/29/24 04:01:00,22.43,23.04,20.82,20.50
01/29/24 04:02:00,22.36,23.06,20.80,20.51
01/29/24 04:03:00,22.36,23.04,20.85,20.50
01/29/24 04:04:00,22.35,23.05,20.81,20.50
01/29/24 04:05:00,22.32,23.02,20.83,20.51
01/29/24 04:06:00,22.33,23.02,20.81,20.51
01/29/24 04:07:00,22.29,23.01,20.79,20.47
01/29/24 04:08:00,22.32,23.00,20.81,20.49
01/29/24 04:09:00,22.28,23.00,20.78,20.49
01/29/24 04:10:00,22.26,22.98,20.78,20.49
01/29/24 04:11:00,22.30,22.98,20.78,20.52
01/29/24 04:12:00,22.28,22.97,20.78,20.48
01/29/24 04:13:00,22.27,22.95,20.78,20.48
01/29/24 04:14:00,22.25,22.94,20.79,20.49
01/29/24 04:15:00,22.24,22.93,20.85,20.50
01/29/24 04:16:00,22.29,22.91,20.77,20.53
01/29/24 04:17:00,22.27,22.90,20.77,20.51
01/29/24 04:18:00,22.32,22.89,20.80,20.52
01/29/24 04:19:00,22.30,22.91,20.78,20.48
01/29/24 04:20:00,22.26,22.86,20.79,20.52
01/29/24 04:21:00,22.35,22.87,20.76,20.44
01/29/24 04:22:00,22.26,22.85,20.77,20.48
01/29/24 04:23:00,22.22,22.86,20.77,20.46
01/29/24 04:24:00,22.24,22.87,20.75,20.48
01/29/24 04:25:00,22.23,22.84,20.76,20.45
01/29/24 04:26:00,22.19,22.83,20.76,20.48
01/29/24 04:27:00,22.21,22.81,20.76,20.45
01/29/24 04:28:00,22.20,22.79,20.73,20.48
01/29/24 04:29:00,22.26,22.79,20.76,20.45
01/29/24 04:30:00,22.13,22.80,20.75,20.45
01/29/24 04:31:00,22.13,22.82,20.71,20.44
01/29/24 04:32:00,22.16,22.78,20.72,20.40
01/29/24 04:33:00,22.13,22.77,20.73,20.44
01/29/24 04:34:00,22.16,22.76,20.74,20.41
01/29/24 04:35:00,22.14,22.75,20.69,20.40
01/29/24 04:36:00,22.13,22.74,20.71,20.42
01/29/24 04:37:00,22.13,22.75,20.70,20.46
01/29/24 04:38:00,22.11,22.72,20.72,20.41
01/29/24 04:39:00,22.10,22.73,20.69,20.44
01/29/24 04:40:00,22.13,22.71,20.69,20.45
01/29/24 04:41:00,22.12,22.71,20.72,20.37
01/29/24 04:42:00,22.09,22.72,20.69,20.38
01/29/24 04:43:00,22.08,22.69,20.71,20.38
01/29/24 04:44:00,22.10,22.70,20.69,20.41
01/29/24 04:45:00,22.10,22.69,20.67,20.37
01/29/24 04:46:00,22.05,22.67,20.70,20.37
01/29/24 04:47:00,22.08,22.64,20.69,20.39
01/29/24 04:48:00,22.05,22.65,20.69,20.37
01/29/24 04:49:00,22.06,22.63,20.66,20.36
01/29/24 04:50:00,22.05,22.67,20.70,20.37
01/29/24 04:51:00,22.05,22.61,20.64,20.37
01/29/24 04:52:00,22.03,22.63,20.63,20.38
01/29/24 04:53:00,22.05,22.61,20.67,20.36
01/29/24 04:54:00,22.02,22.60,20.67,20.36
01/29/24 04:55:00,22.00,22.58,20.64,20.37
01/29/24 04:56:00,22.00,22.60,20.65,20.36
01/29/24 04:57:00,22.00,22.59,20.65,20.35
01/29/24 04:58:00,21.98,22.59,20.65,20.34
01/29/24 04:59:00,22.07,22.55,20.66,20.34
01/29/24 05:00:00,21.99,22.59,20.64,20.37
01/29/24 05:01:00,21.96,22.59,20.63,20.34
01/29/24 05:02:00,21.99,22.55,20.63,20.32
01/29/24 05:03:00,21.97,22.52,20.61,20.31
01/29/24 05:04:00,21.95,22.55,20.61,20.31
01/29/24 05:05:00,21.94,22.52,20.64,20.35
01/29/24 05:06:00,21.95,22.53,20.62,20.29
01/29/24 05:07:00,21.97,22.52,20.65,20.33
01/29/24 05:08:00,21.94,22.52,20.62,20.28
01/29/24 05:09:00,21.92,22.49,20.62,20.31
01/29/24 05:10:00,21.92,22.47,20.62,20.30
01/29/24 05:11:00,21.93,22.48,20.61,20.30
01/29/24 05:12:00,21.92,22.48,20.58,20.31
01/29/24 05:13:00,21.89,22.47,20.58,20.31
01/29/24 05:14:00,21.91,22.48,20.61,20.33
01/29/24 05:15:00,21.91,22.43,20.60,20.34
01/29/24 05:16:00,21.92,22.48,20.60,20.32
01/29/24 05:17:00,21.91,22.41,20.59,20.32
01/29/24 05:18:00,21.92,22.46,20.60,20.32
01/29/24 05:19:00,21.86,22.42,20.60,20.35
01/29/24 05:20:00,21.88,22.43,20.64,20.35
01/29/24 05:21:00,21.93,22.40,20.60,20.33
01/29/24 05:22:00,21.89,22.42,20.69,20.35
01/29/24 05:23:00,21.85,22.40,20.61,20.35
01/29/24 05:24:00,21.91,22.38,20.63,20.35
01/29/24 05:25:00,21.86,22.39,20.62,20.34
01/29/24 05:26:00,21.86,22.37,20.65,20.35
01/29/24 05:27:00,21.89,22.38,20.63,20.35
01/29/24 05:28:00,21.87,22.39,20.64,20.34
01/29/24 05:29:00,21.86,22.37,20.64,20.36
01/29/24 05:30:00,21.85,22.33,20.62,20.35
01/29/24 05:31:00,21.89,22.37,20.64,20.39
01/29/24 05:32:00,21.86,22.34,20.67,20.41
01/29/24 05:33:00,21.85,22.33,20.65,20.38
01/29/24 05:34:00,21.86,22.37,20.67,20.42
01/29/24 05:35:00,21.86,22.34,20.65,20.41
01/29/24 05:36:00,21.86,22.33,20.72,20.39
01/29/24 05:37:00,21.94,22.32,20.70,20.41
01/29/24 05:38:00,21.90,22.31,20.73,20.39
01/29/24 05:39:00,21.96,22.31,20.73,20.39
01/29/24 05:40:00,21.91,22.29,20.74,20.41
01/29/24 05:41:00,21.87,22.29,20.76,20.40
01/29/24 05:42:00,21.93,22.27,20.76,20.41
01/29/24 05:43:00,21.94,22.31,20.75,20.44
01/29/24 05:44:00,21.94,22.27,20.77,20.41
01/29/24 05:45:00,21.93,22.29,20.80,20.45
01/29/24 05:46:00,21.95,22.28,20.83,20.46
01/29/24 05:47:00,21.98,22.31,20.81,20.47
01/29/24 05:48:00,21.96,22.27,20.82,20.45
01/29/24 05:49:00,21.98,22.29,20.87,20.48
01/29/24 05:50:00,22.02,22.30,20.89,20.50
01/29/24 05:51:00,22.02,22.27,20.92,20.49
01/29/24 05:52:00,22.03,22.27,20.91,20.53
01/29/24 05:53:00,22.01,22.24,20.94,20.56
01/29/24 05:54:00,22.07,22.31,20.98,20.57
01/29/24 05:55:00,22.08,22.26,20.99,20.63
01/29/24 05:56:00,22.09,22.24,21.02,20.62
01/29/24 05:57:00,22.13,22.24,21.06,20.64
01/29/24 05:58:00,22.14,22.27,21.10,20.70
01/29/24 05:59:00,22.18,22.23,21.14,20.78
01/29/24 06:00:00,22.19,22.26,21.16,20.76
01/29/24 06:01:00,22.20,22.26,21.19,20.72
01/29/24 06:02:00,22.25,22.23,21.24,20.75
01/29/24 06:03:00,22.30,22.27,21.27,20.79
01/29/24 06:04:00,22.31,22.27,21.36,20.84
01/29/24 06:05:00,22.37,22.28,21.35,20.87
01/29/24 06:06:00,22.36,22.26,21.39,20.87
01/29/24 06:07:00,22.38,22.25,21.45,20.90
01/29/24 06:08:00,22.40,22.27,21.46,20.95
01/29/24 06:09:00,22.45,22.27,21.48,21.00
01/29/24 06:10:00,22.48,22.31,21.58,21.05
01/29/24 06:11:00,22.53,22.28,21.57,21.08
01/29/24 06:12:00,22.55,22.30,21.60,21.12
01/29/24 06:13:00,22.57,22.29,21.67,21.14
01/29/24 06:14:00,22.59,22.29,21.71,21.15
01/29/24 06:15:00,22.64,22.30,21.77,21.18
01/29/24 06:16:00,22.69,22.32,21.82,21.20
01/29/24 06:17:00,22.67,22.32,21.86,21.27
01/29/24 06:18:00,22.72,22.34,21.91,21.29
01/29/24 06:19:00,22.75,22.31,21.94,21.36
01/29/24 06:20:00,22.76,22.32,21.99,21.39
01/29/24 06:21:00,22.83,22.34,22.09,21.42
01/29/24 06:22:00,22.86,22.34,22.11,21.44
01/29/24 06:23:00,22.89,22.36,22.16,21.47
01/29/24 06:24:00,22.91,22.34,22.21,21.50
01/29/24 06:25:00,22.99,22.38,22.23,21.54
01/29/24 06:26:00,22.99,22.35,22.27,21.54
01/29/24 06:27:00,23.02,22.40,22.33,21.60
01/29/24 06:28:00,23.08,22.42,22.37,21.61
01/29/24 06:29:00,23.10,22.43,22.38,21.66
01/29/24 06:30:00,23.13,22.41,22.43,21.69
01/29/24 06:31:00,23.18,22.41,22.49,21.73
01/29/24 06:32:00,23.20,22.46,22.55,21.75
01/29/24 06:33:00,23.23,22.45,22.57,21.81
01/29/24 06:34:00,23.26,22.46,22.63,21.80
01/29/24 06:35:00,23.33,22.49,22.62,21.80
01/29/24 06:36:00,23.35,22.49,22.71,21.83
01/29/24 06:37:00,23.37,22.50,22.74,21.86
01/29/24 06:38:00,23.42,22.54,22.80,21.89
01/29/24 06:39:00,23.44,22.54,22.88,21.87
01/29/24 06:40:00,23.49,22.54,22.88,21.92
01/29/24 06:41:00,23.54,22.59,22.89,21.95
01/29/24 06:42:00,23.61,22.57,22.97,21.94
01/29/24 06:43:00,23.62,22.57,23.00,22.03
01/29/24 06:44:00,23.66,22.62,23.04,22.04
01/29/24 06:45:00,23.73,22.65,23.13,22.11
01/29/24 06:46:00,23.76,22.65,23.16,22.15
01/29/24 06:47:00,23.85,22.65,23.20,22.20
01/29/24 06:48:00,23.86,22.70,23.29,22.26
01/29/24 06:49:00,23.93,22.71,23.35,22.23
01/29/24 06:50:00,23.99,22.72,23.41,22.24
01/29/24 06:51:00,24.04,22.72,23.47,22.34
01/29/24 06:52:00,24.10,22.76,23.57,22.41
01/29/24 06:53:00,24.16,22.78,23.63,22.44
01/29/24 06:54:00,24.24,22.82,23.72,22.48
01/29/24 06:55:00,24.30,22.82,23.86,22.53
01/29/24 06:56:00,24.36,22.87,23.89,22.62
01/29/24 06:57:00,24.47,22.88,23.98,22.69
01/29/24 06:58:00,24.55,22.86,24.10,22.74
01/29/24 06:59:00,24.63,22.92,24.17,22.81
01/29/24 07:00:00,24.70,22.96,24.25,22.85
01/29/24 07:01:00,24.78,22.98,24.35,22.93
01/29/24 07:02:00,24.88,22.99,24.45,23.09
01/29/24 07:03:00,24.95,23.06,24.57,23.17
01/29/24 07:04:00,25.02,23.11,24.68,23.20
01/29/24 07:05:00,25.08,23.11,24.80,23.24
01/29/24 07:06:00,25.20,23.13,24.90,23.28
01/29/24 07:07:00,25.32,23.17,25.01,23.35
01/29/24 07:08:00,25.42,23.22,25.11,23.43
01/29/24 07:09:00,25.52,23.26,25.22,23.50
01/29/24 07:10:00,25.62,23.26,25.31,23.59
01/29/24 07:11:00,25.70,23.31,25.41,23.71
01/29/24 07:12:00,25.78,23.34,25.45,23.70
01/29/24 07:13:00,25.87,23.37,25.56,23.69
01/29/24 07:14:00,25.90,23.40,25.60,23.75
01/29/24 07:15:00,26.00,23.45,25.67,23.76
01/29/24 07:16:00,26.02,23.51,25.70,23.76
01/29/24 07:17:00,26.10,23.56,25.80,23.80
01/29/24 07:18:00,26.16,23.57,25.87,23.92
01/29/24 07:19:00,26.25,23.64,25.94,24.00
01/29/24 07:20:00,26.30,23.68,26.03,24.11
01/29/24 07:21:00,26.46,23.72,26.11,24.13
01/29/24 07:22:00,26.46,23.73,26.21,24.21
01/29/24 07:23:00,26.53,23.79,26.30,24.32
01/29/24 07:24:00,26.62,23.84,26.39,24.37
01/29/24 07:25:00,26.70,23.88,26.50,24.40
01/29/24 07:26:00,26.78,23.94,26.60,24.47
01/29/24 07:27:00,26.86,23.99,26.67,24.56
01/29/24 07:28:00,26.93,24.01,26.77,24.51
01/29/24 07:29:00,27.01,24.10,26.83,24.61
01/29/24 07:30:00,27.12,24.10,26.91,24.63
01/29/24 07:31:00,27.21,24.17,27.04,24.79
01/29/24 07:32:00,27.29,24.21,27.19,24.83
01/29/24 07:33:00,27.42,24.26,27.26,24.95
01/29/24 07:34:00,27.47,24.33,27.37,25.02
01/29/24 07:35:00,27.59,24.34,27.49,25.11
01/29/24 07:36:00,27.67,24.44,27.71,25.15
01/29/24 07:37:00,27.83,24.44,27.75,25.23
01/29/24 07:38:00,27.92,24.51,27.85,25.20
01/29/24 07:39:00,28.01,24.59,27.96,25.27
01/29/24 07:40:00,28.14,24.58,28.05,25.35
01/29/24 07:41:00,28.24,24.68,28.19,25.54
01/29/24 07:42:00,28.34,24.75,28.36,25.74
01/29/24 07:43:00,28.50,24.77,28.48,25.88
01/29/24 07:44:00,28.62,24.86,28.66,26.01
01/29/24 07:45:00,28.76,24.91,28.82,26.15
01/29/24 07:46:00,28.89,24.98,28.94,26.27
01/29/24 07:47:00,29.00,25.06,29.10,26.38
01/29/24 07:48:00,29.10,25.12,29.26,26.51
01/29/24 07:49:00,29.29,25.23,29.36,26.62
01/29/24 07:50:00,29.25,25.22,29.38,26.50
01/29/24 07:51:00,29.29,25.28,29.49,26.54
01/29/24 07:52:00,29.38,25.33,29.60,26.64
01/29/24 07:53:00,29.40,25.35,29.71,26.69
01/29/24 07:54:00,29.46,25.46,29.81,27.12
01/29/24 07:55:00,29.82,25.76,30.09,27.00
